CC,CD,DT,EX,FW,IN,JJ,JJR,JJS,MD,NN,NNP,NNS,PDT,PRP,PRP$,RB,RBR,RBS,RP,TO,VB,VBD,VBG,VBN,VBP,VBZ,WDT,WP,WP$,WRB,Author
0.058,0.007,0.118,0.004,0,0.159,0.064,0.005,0.003,0.01,0.178,0,0.063,0.003,0.057,0.027,0.038,0.001,0.001,0,0.022,0.026,0.007,0.006,0.02,0.042,0.04,0.022,0.014,0.002,0.003,ps
0.064,0.004,0.112,0.002,0.001,0.131,0.068,0.001,0,0.017,0.155,0,0.066,0.001,0.057,0.023,0.039,0.002,0.003,0,0.031,0.039,0.022,0.024,0.034,0.03,0.041,0.014,0.017,0.001,0.001,ps
0.05189620758,0.008982035928,0.125748503,0,0,0.1407185629,0.07784431138,0.000998003992,0.001996007984,0.0119760479,0.1477045908,0,0.06586826347,0.001996007984,0.04890219561,0.0119760479,0.04191616766,0.000998003992,0.001996007984,0.001996007984,0.03093812375,0.04391217565,0.01097804391,0.0129740519,0.03493013972,0.0499001996,0.03592814371,0.01996007984,0.01097804391,0,0.005988023952,ps
0.06686626747,0.003992015968,0.127744511,0.001996007984,0,0.1437125749,0.08083832335,0.002994011976,0.000998003992,0.01696606786,0.1676646707,0,0.04690618762,0.000998003992,0.04890219561,0.01596806387,0.04590818363,0.002994011976,0.002994011976,0.000998003992,0.02594810379,0.04491017964,0.01097804391,0.006986027944,0.02894211577,0.02694610778,0.04291417166,0.01796407186,0.00499001996,0.003992015968,0.005988023952,ps
0.043,0.003,0.126,0.003,0,0.146,0.07,0.001,0.002,0.018,0.172,0,0.05,0.001,0.043,0.015,0.05,0.001,0.003,0,0.042,0.054,0.005,0.014,0.03,0.027,0.045,0.029,0.005,0,0.002,ps
0.047,0.001,0.129,0.003,0.001,0.157,0.077,0.003,0.001,0.016,0.155,0,0.063,0.003,0.035,0.021,0.036,0.003,0.003,0.001,0.041,0.05,0.007,0.013,0.03,0.025,0.038,0.032,0.008,0,0.001,ps
0.048,0.003,0.154,0,0,0.154,0.091,0.003,0.002,0.015,0.171,0,0.073,0.004,0.032,0.012,0.033,0.003,0.002,0,0.023,0.023,0.007,0.009,0.03,0.038,0.035,0.021,0.011,0.001,0.002,ps
0.04890219561,0.003992015968,0.123752495,0.000998003992,0,0.1437125749,0.08483033932,0,0.003992015968,0.02295409182,0.1447105788,0,0.07884231537,0,0.0499001996,0.02694610778,0.03892215569,0.003992015968,0.002994011976,0.001996007984,0.02794411178,0.03193612774,0.006986027944,0.02295409182,0.03093812375,0.04291417166,0.02894211577,0.01896207585,0.003992015968,0.001996007984,0.000998003992,ps
0.043,0.014,0.123,0.001,0,0.151,0.093,0.002,0.001,0.016,0.163,0,0.062,0,0.035,0.018,0.052,0.001,0.002,0.001,0.027,0.041,0.024,0.018,0.042,0.022,0.024,0.014,0.004,0,0.006,ps
0.03796203796,0.003996003996,0.1408591409,0.001998001998,0,0.1408591409,0.09490509491,0.001998001998,0.006993006993,0.02297702298,0.1758241758,0,0.05994005994,0.000999000999,0.03396603397,0.01098901099,0.02597402597,0,0.004995004995,0,0.03696303696,0.03696303696,0.001998001998,0.01998001998,0.03496503497,0.01998001998,0.04895104895,0.02797202797,0.002997002997,0.000999000999,0.002997002997,ps
0.04028197382,0.003021148036,0.1299093656,0.003021148036,0,0.1570996979,0.0775427996,0.002014098691,0.002014098691,0.01409869084,0.1863041289,0,0.05337361531,0.004028197382,0.03625377644,0.02114803625,0.04028197382,0.002014098691,0,0,0.02517623364,0.0332326284,0.01409869084,0.01611278953,0.04229607251,0.02719033233,0.0443101712,0.01913393756,0.004028197382,0,0.002014098691,ps
0.033,0.007,0.128,0.003,0,0.156,0.092,0.001,0.003,0.026,0.173,0,0.053,0.002,0.043,0.015,0.032,0.002,0.001,0,0.04,0.054,0.006,0.016,0.032,0.027,0.032,0.013,0.008,0,0.002,ps
0.04095904096,0.003996003996,0.1448551449,0,0,0.1488511489,0.0959040959,0.000999000999,0.001998001998,0.01498501499,0.1488511489,0,0.06293706294,0.000999000999,0.04095904096,0.02597402597,0.04495504496,0.003996003996,0.003996003996,0,0.02597402597,0.02597402597,0.008991008991,0.01598401598,0.02697302697,0.03096903097,0.05094905095,0.01898101898,0.008991008991,0,0.000999000999,ps
0.055,0.004,0.139,0,0,0.154,0.097,0.005,0.003,0.011,0.172,0,0.075,0.001,0.031,0.023,0.037,0.002,0.003,0,0.032,0.03,0.028,0.007,0.03,0.021,0.014,0.022,0.002,0,0.002,ps
0.06193806194,0.000999000999,0.1328671329,0.003996003996,0,0.1488511489,0.1068931069,0.000999000999,0.001998001998,0.01498501499,0.1488511489,0,0.07792207792,0.001998001998,0.02997002997,0.01798201798,0.04495504496,0.005994005994,0.002997002997,0,0.01798201798,0.02897102897,0.02697302697,0.01398601399,0.02997002997,0.01998001998,0.02497502498,0.01598401598,0.01198801199,0,0.004995004995,ps
0.05594405594,0.006993006993,0.1488511489,0.001998001998,0,0.1628371628,0.09190809191,0.001998001998,0.007992007992,0.005994005994,0.1808191808,0,0.06193806194,0.003996003996,0.01898101898,0.02097902098,0.04495504496,0.003996003996,0.003996003996,0.000999000999,0.01598401598,0.01898101898,0.01498501499,0.00999000999,0.03096903097,0.01898101898,0.03996003996,0.01898101898,0.003996003996,0.000999000999,0.000999000999,ps
0.056,0.006,0.169,0.002,0,0.16,0.069,0.001,0.001,0.01,0.193,0,0.08,0,0.024,0.02,0.026,0.003,0.001,0,0.034,0.027,0.006,0.02,0.019,0.015,0.036,0.02,0.002,0,0,ps
0.072,0.001,0.15,0,0,0.153,0.073,0.004,0.003,0.012,0.182,0,0.091,0.002,0.027,0.012,0.039,0.005,0.003,0,0.023,0.025,0.005,0.007,0.014,0.029,0.039,0.023,0.004,0.001,0.001,ps
0.055,0.001,0.132,0.001,0,0.157,0.085,0,0.001,0.013,0.196,0,0.068,0.004,0.033,0.026,0.039,0.003,0.001,0.001,0.019,0.027,0.011,0.009,0.024,0.024,0.043,0.023,0.004,0,0,ps
0.06293706294,0.000999000999,0.1228771229,0.000999000999,0,0.1508491508,0.1008991009,0.000999000999,0.001998001998,0.01798201798,0.1758241758,0,0.06693306693,0.000999000999,0.03796203796,0.02797202797,0.02697302697,0.002997002997,0.001998001998,0.000999000999,0.01998001998,0.03496503497,0.01498501499,0.01498501499,0.02597402597,0.01598401598,0.04095904096,0.02097902098,0.005994005994,0.000999000999,0.000999000999,ps
0.061,0.004,0.139,0.001,0,0.163,0.085,0.001,0.004,0.014,0.19,0,0.045,0.003,0.029,0.014,0.033,0.003,0.003,0,0.027,0.023,0.017,0.014,0.052,0.018,0.034,0.02,0.001,0,0.002,ps
0.05494505495,0,0.1298701299,0,0,0.1608391608,0.07892107892,0.003996003996,0.003996003996,0.007992007992,0.1778221778,0.000999000999,0.05994005994,0.003996003996,0.03596403596,0.01598401598,0.03996003996,0.002997002997,0.001998001998,0.000999000999,0.02497502498,0.02597402597,0.01498501499,0.01398601399,0.03196803197,0.02397602398,0.05094905095,0.02597402597,0.003996003996,0,0.001998001998,ps
0.054,0.003,0.148,0.001,0,0.161,0.083,0.004,0.003,0.011,0.19,0,0.074,0.001,0.027,0.017,0.028,0.003,0.001,0.001,0.027,0.032,0.024,0.012,0.038,0.017,0.02,0.012,0.005,0,0.002,ps
0.05494505495,0.000999000999,0.1428571429,0,0.000999000999,0.1598401598,0.08191808192,0,0.004995004995,0.01198801199,0.1938061938,0,0.07192807193,0.001998001998,0.02897102897,0.02097902098,0.02297702298,0.003996003996,0.001998001998,0,0.01998001998,0.02897102897,0.03696303696,0.006993006993,0.04195804196,0.01698301698,0.01898101898,0.01798201798,0.001998001998,0.001998001998,0.001998001998,ps
0.051,0.006,0.134,0,0,0.157,0.093,0.001,0.003,0.008,0.21,0,0.042,0.001,0.029,0.023,0.027,0.002,0.004,0.001,0.026,0.029,0.03,0.016,0.041,0.017,0.029,0.014,0.004,0.001,0.001,ps
0.048,0.003,0.138,0.002,0,0.146,0.074,0.011,0.009,0.014,0.186,0,0.057,0.001,0.036,0.013,0.035,0.002,0,0.002,0.024,0.033,0.013,0.015,0.039,0.044,0.032,0.015,0.006,0,0.002,ps
0.05982053838,0.0009970089731,0.1635094716,0.0009970089731,0,0.1445663011,0.06979062812,0.001994017946,0.006979062812,0.01296111665,0.1944167498,0,0.05084745763,0,0.036889332,0.01196410768,0.03290129611,0.0009970089731,0.003988035892,0.0009970089731,0.02791625125,0.02891326022,0.008973080758,0.01894317049,0.02791625125,0.01794616152,0.04386839482,0.01994017946,0.006979062812,0.0009970089731,0.002991026919,ps
0.052,0.002,0.126,0.002,0.001,0.138,0.08,0,0.01,0.008,0.175,0,0.058,0.001,0.059,0.022,0.022,0.001,0.008,0,0.034,0.032,0.013,0.012,0.03,0.031,0.056,0.018,0.005,0,0.004,ps
0.04288499025,0.009746588694,0.1354775828,0.0009746588694,0,0.1432748538,0.07797270955,0.0009746588694,0,0.003898635478,0.2095516569,0.007797270955,0.05847953216,0.002923976608,0.03801169591,0.03898635478,0.03703703704,0,0.001949317739,0.003898635478,0.0126705653,0.01656920078,0.06530214425,0.0253411306,0.02436647173,0.01169590643,0.01364522417,0.004873294347,0.005847953216,0.001949317739,0.003898635478,ms
0.05064548163,0.006951340616,0.1082423039,0,0.0009930486594,0.1410129096,0.06156901688,0.001986097319,0.002979145978,0.009930486594,0.1876861966,0,0.05263157895,0,0.06454816286,0.05660377358,0.04568023833,0.002979145978,0,0.001986097319,0.02482621648,0.02979145978,0.08043694141,0.01290963257,0.02979145978,0.006951340616,0.004965243297,0.006951340616,0.002979145978,0,0.003972194638,ms
0.0375360924,0.00384985563,0.1087584216,0.00384985563,0,0.1270452358,0.08950914341,0.001924927815,0.0009624639076,0.01154956689,0.1761308951,0.01636188643,0.03657362849,0.001924927815,0.07025986526,0.03368623677,0.04427333975,0.00384985563,0,0.002887391723,0.02406159769,0.03176130895,0.08565928778,0.01058710298,0.02406159769,0.02309913378,0.01539942252,0.001924927815,0.005774783446,0.0009624639076,0.005774783446,ms
0.04238921002,0.004816955684,0.08766859345,0.00289017341,0,0.1069364162,0.06262042389,0.0009633911368,0,0.01156069364,0.1897880539,0.0105973025,0.04335260116,0,0.07418111753,0.05684007707,0.04527938343,0.0009633911368,0,0.001926782274,0.0289017341,0.03564547206,0.09441233141,0.01734104046,0.03468208092,0.01348747592,0.01348747592,0.005780346821,0.006743737958,0,0.006743737958,ms
0.04296875,0.00390625,0.09375,0.001953125,0,0.111328125,0.0615234375,0,0.001953125,0.013671875,0.1845703125,0.0068359375,0.0390625,0.0029296875,0.080078125,0.0576171875,0.0439453125,0.0029296875,0,0.001953125,0.029296875,0.046875,0.0986328125,0.0224609375,0.0224609375,0.01171875,0.0068359375,0.0009765625,0.0029296875,0.0009765625,0.005859375,ms
0.03595080416,0.003784295175,0.1050141911,0.0009460737938,0,0.1069063387,0.07473982971,0.0009460737938,0.0009460737938,0.009460737938,0.1797540208,0.01608325449,0.0454115421,0,0.07284768212,0.04635761589,0.04824976348,0.0009460737938,0,0.005676442763,0.02838221381,0.04162724693,0.07757805109,0.01229895932,0.0302743614,0.02081362346,0.02270577105,0.002838221381,0.0009460737938,0,0.00756859035,ms
0.04326450344,0.004916420846,0.1052114061,0,0,0.1425762045,0.08554572271,0.001966568338,0.0009832841691,0.005899705015,0.2045231072,0.006882989184,0.0540806293,0.001966568338,0.04424778761,0.05211406096,0.03638151426,0.001966568338,0,0.0009832841691,0.0285152409,0.02359882006,0.06784660767,0.01868239921,0.02753195674,0.01179941003,0.008849557522,0.007866273353,0.002949852507,0.002949852507,0.005899705015,ms
0.04625984252,0.004921259843,0.1151574803,0,0,0.1328740157,0.06200787402,0.001968503937,0,0.009842519685,0.1929133858,0.002952755906,0.0374015748,0,0.07775590551,0.03838582677,0.05708661417,0,0,0.001968503937,0.01771653543,0.02559055118,0.09350393701,0.02263779528,0.03248031496,0.00688976378,0.005905511811,0.005905511811,0.0009842519685,0,0.00688976378,ms
0.05351833499,0.006937561943,0.1040634291,0.001982160555,0,0.1328047572,0.07433102081,0.002973240833,0.002973240833,0.008919722498,0.1724479683,0.002973240833,0.04063429138,0.0009910802775,0.0703666997,0.04459861249,0.04063429138,0,0.001982160555,0.001982160555,0.03270564916,0.03865213082,0.0792864222,0.01883052527,0.03270564916,0.006937561943,0.006937561943,0.006937561943,0.005946481665,0,0.005946481665,ms
0.03773584906,0.005660377358,0.09811320755,0.001886792453,0.0009433962264,0.1235849057,0.08301886792,0.002830188679,0,0.01132075472,0.2037735849,0.0179245283,0.03113207547,0,0.06509433962,0.04150943396,0.04245283019,0.002830188679,0.0009433962264,0.004716981132,0.02452830189,0.0320754717,0.08113207547,0.02264150943,0.0179245283,0.01698113208,0.01132075472,0.002830188679,0.007547169811,0.001886792453,0.005660377358,ms
0.03793774319,0.008754863813,0.1118677043,0.001945525292,0,0.126459144,0.07392996109,0.0009727626459,0.001945525292,0.01070038911,0.2110894942,0.01070038911,0.03501945525,0,0.0486381323,0.04280155642,0.03988326848,0.002918287938,0,0,0.03891050584,0.03696498054,0.07684824903,0.01361867704,0.03015564202,0.01459143969,0.008754863813,0.008754863813,0.001945525292,0.0009727626459,0.002918287938,ms
0.03838582677,0.002952755906,0.09547244094,0,0,0.1358267717,0.07677165354,0.001968503937,0.0009842519685,0.01082677165,0.187007874,0.002952755906,0.03838582677,0.002952755906,0.07480314961,0.06692913386,0.04232283465,0,0.0009842519685,0.003937007874,0.02460629921,0.02755905512,0.0875984252,0.01377952756,0.0374015748,0.008858267717,0.003937007874,0.002952755906,0.005905511811,0,0.003937007874,ms
0.05566600398,0.006958250497,0.09642147117,0.003976143141,0,0.134194831,0.07157057654,0.001988071571,0,0.003976143141,0.203777336,0.001988071571,0.04174950298,0.0009940357853,0.0606361829,0.05765407555,0.03280318091,0.001988071571,0,0.003976143141,0.02783300199,0.01590457256,0.09343936382,0.01988071571,0.03479125249,0.003976143141,0.003976143141,0.002982107356,0.007952286282,0.001988071571,0.006958250497,ms
0.04761904762,0.00496031746,0.1071428571,0,0,0.1369047619,0.08531746032,0.003968253968,0.002976190476,0.002976190476,0.193452381,0.00496031746,0.05654761905,0,0.05853174603,0.05158730159,0.02281746032,0.003968253968,0.0009920634921,0.003968253968,0.01984126984,0.02281746032,0.09027777778,0.008928571429,0.0376984127,0.01091269841,0.01091269841,0.00496031746,0.0009920634921,0,0.003968253968,ms
0.04545454545,0.003868471954,0.08027079304,0,0.001934235977,0.1237911025,0.06963249516,0.001934235977,0.001934235977,0.00580270793,0.2253384913,0.01160541586,0.03965183752,0.0009671179884,0.05705996132,0.05996131528,0.03481624758,0,0.0009671179884,0.003868471954,0.02611218569,0.03094777563,0.08510638298,0.006769825919,0.04642166344,0.01160541586,0.01257253385,0.003868471954,0.001934235977,0.003868471954,0.001934235977,ms
0.04466019417,0.002912621359,0.1184466019,0.0009708737864,0.0009708737864,0.1165048544,0.0786407767,0.0009708737864,0.0009708737864,0.004854368932,0.2048543689,0.01067961165,0.03980582524,0.0009708737864,0.04854368932,0.04466019417,0.04660194175,0.001941747573,0.0009708737864,0.0009708737864,0.03106796117,0.03980582524,0.09611650485,0.01553398058,0.02718446602,0.006796116505,0.004854368932,0.004854368932,0,0,0.003883495146,ms
0.03475670308,0.006951340616,0.1132075472,0,0,0.1499503476,0.06554121152,0.002979145978,0.001986097319,0.008937437934,0.2115193644,0.001986097319,0.04865938431,0.001986097319,0.05263157895,0.04170804369,0.05263157895,0.0009930486594,0,0.002979145978,0.02184707051,0.02383316783,0.07348560079,0.01290963257,0.04170804369,0.01092353525,0.003972194638,0.007944389275,0.0009930486594,0.0009930486594,0.001986097319,ms
0.04671968191,0.007952286282,0.1123260437,0.0009940357853,0,0.1491053678,0.09542743539,0.001988071571,0.003976143141,0.003976143141,0.1908548708,0.001988071571,0.07157057654,0.0009940357853,0.04274353877,0.04473161034,0.03876739563,0.004970178926,0.001988071571,0.001988071571,0.02087475149,0.01789264414,0.05765407555,0.01391650099,0.03876739563,0.006958250497,0.01093439364,0.003976143141,0.002982107356,0,0.002982107356,ms
0.03543307087,0.00688976378,0.1043307087,0,0,0.1299212598,0.06791338583,0.0009842519685,0.001968503937,0.004921259843,0.1820866142,0.004921259843,0.06299212598,0,0.0718503937,0.04625984252,0.03346456693,0.002952755906,0,0.008858267717,0.03641732283,0.0344488189,0.08267716535,0.02263779528,0.02559055118,0.009842519685,0.004921259843,0.00688976378,0.002952755906,0,0.007874015748,ms
0.03238095238,0.008571428571,0.1114285714,0,0,0.1333333333,0.06285714286,0.0009523809524,0.0009523809524,0.01142857143,0.199047619,0.0219047619,0.05333333333,0.002857142857,0.05047619048,0.04095238095,0.04380952381,0.0009523809524,0.0009523809524,0.004761904762,0.02,0.03428571429,0.08095238095,0.02095238095,0.02476190476,0.01904761905,0.009523809524,0.00380952381,0.002857142857,0.0009523809524,0.001904761905,ms
0.03781094527,0.001990049751,0.1074626866,0.0009950248756,0.0009950248756,0.1263681592,0.08059701493,0.0009950248756,0.0009950248756,0.006965174129,0.1910447761,0.004975124378,0.04278606965,0,0.05572139303,0.05970149254,0.04875621891,0.001990049751,0,0.004975124378,0.02686567164,0.02686567164,0.1004975124,0.01890547264,0.02786069652,0.005970149254,0.004975124378,0.004975124378,0.0009950248756,0.001990049751,0.004975124378,ms
0.05058365759,0.006809338521,0.08463035019,0.0009727626459,0,0.1128404669,0.08754863813,0.003891050584,0,0.01848249027,0.1760700389,0.009727626459,0.03501945525,0.001945525292,0.06225680934,0.04280155642,0.07003891051,0.0009727626459,0,0.0009727626459,0.03501945525,0.05252918288,0.06809338521,0.01361867704,0.02626459144,0.01459143969,0.007782101167,0.007782101167,0.001945525292,0.0009727626459,0.005836575875,ms
0.04928909953,0.003791469194,0.07867298578,0,0.0009478672986,0.1071090047,0.08151658768,0,0.007582938389,0.01800947867,0.1943127962,0.01990521327,0.03791469194,0,0.0663507109,0.04928909953,0.04644549763,0.0009478672986,0.0009478672986,0.0009478672986,0.02464454976,0.04075829384,0.0672985782,0.01042654028,0.02180094787,0.03317535545,0.01895734597,0.002843601896,0.004739336493,0,0.01042654028,ms
0.04866412214,0.003816793893,0.09255725191,0.0009541984733,0.0009541984733,0.106870229,0.07538167939,0.0009541984733,0,0.01908396947,0.2051526718,0.01622137405,0.0286259542,0.003816793893,0.04866412214,0.04007633588,0.0534351145,0.004770992366,0.001908396947,0.0009541984733,0.0286259542,0.0534351145,0.06393129771,0.02099236641,0.02958015267,0.01526717557,0.01717557252,0.004770992366,0.007633587786,0.001908396947,0.003816793893,ms
0.04752667313,0.004849660524,0.1183317168,0.0009699321048,0.0009699321048,0.1231813773,0.07468477207,0,0.0009699321048,0.01066925315,0.1920465567,0.01163918526,0.03976721629,0.0009699321048,0.0611057226,0.03006789525,0.05722599418,0.0009699321048,0,0.003879728419,0.0213385063,0.02812803104,0.1008729389,0.01551891368,0.02424830262,0.01260911736,0.005819592629,0.005819592629,0.002909796314,0.0009699321048,0.00193986421,ms
0.05133267522,0.002961500494,0.09081934847,0,0.002961500494,0.1125370188,0.06712734452,0.001974333662,0.0009871668312,0.01085883514,0.1806515301,0.004935834156,0.04047384008,0,0.0631786772,0.05330700888,0.05133267522,0,0,0.002961500494,0.02665350444,0.03060217177,0.1066140178,0.02270483712,0.03751233959,0.003948667325,0.009871668312,0.008884501481,0.009871668312,0,0.004935834156,ms
0.03804878049,0.00487804878,0.1268292683,0.0009756097561,0.001951219512,0.1365853659,0.1034146341,0.002926829268,0.0009756097561,0.01268292683,0.2243902439,0.006829268293,0.04975609756,0,0.02536585366,0.02634146341,0.03512195122,0.005853658537,0,0.002926829268,0.02048780488,0.02634146341,0.03219512195,0.01853658537,0.02341463415,0.01951219512,0.02829268293,0.01463414634,0.003902439024,0.0009756097561,0.005853658537,ms
0.03018500487,0.004868549172,0.08860759494,0.004868549172,0,0.1168451801,0.07302823759,0.004868549172,0.002921129503,0.01850048685,0.2103213242,0.006815968841,0.03894839338,0,0.05744888023,0.05063291139,0.04089581305,0.001947419669,0,0.003894839338,0.04186952288,0.04965920156,0.0847127556,0.01265822785,0.0282375852,0.01168451801,0.002921129503,0.005842259007,0.002921129503,0.0009737098345,0.002921129503,ms
0.04334975369,0.002955665025,0.08374384236,0.002955665025,0,0.1172413793,0.1142857143,0,0.00197044335,0.00197044335,0.1911330049,0.002955665025,0.05714285714,0,0.04729064039,0.05024630542,0.05221674877,0,0.00197044335,0.005911330049,0.03251231527,0.03054187192,0.08078817734,0.01379310345,0.02561576355,0.01871921182,0.007881773399,0.006896551724,0.00197044335,0.0009852216749,0.002955665025,ms
0.0289017341,0.005780346821,0.08670520231,0.0009633911368,0,0.1281310212,0.08766859345,0.001926782274,0.0009633911368,0.01637764933,0.1791907514,0.008670520231,0.03082851638,0.0009633911368,0.07514450867,0.04142581888,0.05876685934,0.0009633911368,0,0.003853564547,0.0289017341,0.05009633911,0.0732177264,0.01348747592,0.03179190751,0.02793834297,0.005780346821,0.005780346821,0.00289017341,0,0.00289017341,ms
0.04253214639,0.004945598417,0.08308605341,0.001978239367,0,0.1364985163,0.08506429278,0.0009891196835,0.00296735905,0.009891196835,0.1909000989,0.003956478734,0.02868447082,0.0009891196835,0.06231454006,0.06231454006,0.04549950544,0.001978239367,0.0009891196835,0,0.0296735905,0.03758654797,0.08704253215,0.0118694362,0.02571711177,0.01088031652,0.009891196835,0.007912957468,0.004945598417,0.001978239367,0.006923837784,ms
0.04887585533,0.004887585533,0.1045943304,0.001955034213,0,0.128054741,0.06549364614,0.003910068426,0.003910068426,0.01173020528,0.1984359726,0.00293255132,0.03910068426,0.001955034213,0.0596285435,0.05278592375,0.03714565005,0,0.0009775171065,0.005865102639,0.02737047898,0.03519061584,0.08015640274,0.01955034213,0.03714565005,0.01075268817,0.005865102639,0.003910068426,0.003910068426,0.0009775171065,0.00293255132,ms
0.04142011834,0.003944773176,0.07692307692,0.002958579882,0,0.1331360947,0.0650887574,0.002958579882,0,0.01282051282,0.1765285996,0.004930966469,0.03057199211,0,0.06903353057,0.0483234714,0.05917159763,0.001972386588,0,0,0.04339250493,0.05226824458,0.08875739645,0.02169625247,0.04240631164,0.005917159763,0.001972386588,0.005917159763,0.001972386588,0,0.005917159763,ms
0.0258126195,0.006692160612,0.0879541109,0.004780114723,0,0.1080305927,0.08986615679,0.0009560229446,0.002868068834,0.01625239006,0.1854684512,0.01625239006,0.02868068834,0,0.07648183556,0.04588910134,0.06309751434,0,0,0.0009560229446,0.02676864245,0.04015296367,0.09560229446,0.008604206501,0.02390057361,0.01147227533,0.01529636711,0.002868068834,0.005736137667,0,0.009560229446,ms
0.03497164461,0.007561436673,0.09262759924,0,0.003780718336,0.106805293,0.08979206049,0.001890359168,0.0009451795841,0.02268431002,0.2183364839,0.03497164461,0.01890359168,0.0009451795841,0.05293005671,0.0415879017,0.03969754253,0.0009451795841,0.001890359168,0.002835538752,0.02268431002,0.05103969754,0.05860113422,0.01417769376,0.03119092628,0.01701323251,0.01228733459,0.01228733459,0.002835538752,0.0009451795841,0.002835538752,ms
0.04673807205,0.001947419669,0.1187925998,0.001947419669,0.007789678676,0.1489776047,0.07010710808,0.003894839338,0.001947419669,0.002921129503,0.2132424537,0.01168451801,0.05258033106,0.0009737098345,0.03602726388,0.04771178189,0.0282375852,0.0009737098345,0.001947419669,0.0009737098345,0.02142161636,0.02239532619,0.07400194742,0.01655306719,0.03213242454,0.005842259007,0.00876338851,0.01168451801,0.003894839338,0.001947419669,0.001947419669,ms
0.04588910134,0.005736137667,0.09177820268,0.0009560229446,0.0009560229446,0.1271510516,0.08508604207,0.004780114723,0.0009560229446,0.01625239006,0.1845124283,0.01242829828,0.03824091778,0.001912045889,0.04875717017,0.04493307839,0.05353728489,0.0009560229446,0,0.002868068834,0.017208413,0.04015296367,0.06883365201,0.017208413,0.02963671128,0.02198852772,0.01625239006,0.008604206501,0.004780114723,0.0009560229446,0.006692160612,ms
0.0419047619,0.005714285714,0.08761904762,0.002857142857,0.005714285714,0.1371428571,0.0780952381,0.006666666667,0.002857142857,0.01238095238,0.1980952381,0.01047619048,0.03714285714,0.00380952381,0.04761904762,0.0419047619,0.04571428571,0.002857142857,0,0.006666666667,0.0180952381,0.0419047619,0.07238095238,0.01238095238,0.02761904762,0.02285714286,0.01428571429,0.00380952381,0.004761904762,0.0009523809524,0.005714285714,ms
0.04541062802,0.002898550725,0.08888888889,0.00193236715,0.0009661835749,0.1439613527,0.05990338164,0.00193236715,0.00193236715,0.01352657005,0.1913043478,0.007729468599,0.03768115942,0.00193236715,0.05507246377,0.04057971014,0.04637681159,0.00193236715,0.00193236715,0.0009661835749,0.02801932367,0.04347826087,0.05507246377,0.01835748792,0.04057971014,0.02222222222,0.02222222222,0.007729468599,0.0115942029,0,0.0038647343,ms
0.04269449715,0.01043643264,0.08538899431,0.001897533207,0.006641366224,0.114800759,0.07400379507,0.00284629981,0.00284629981,0.01138519924,0.2305502846,0.0265654649,0.0265654649,0,0.05028462998,0.03795066414,0.05313092979,0.001897533207,0,0.00569259962,0.02277039848,0.04364326376,0.06166982922,0.01423149905,0.02466793169,0.01802656546,0.01897533207,0.003795066414,0.00284629981,0.0009487666034,0.00284629981,ms
0.04970760234,0.006822612086,0.08187134503,0,0.0009746588694,0.1276803119,0.07504873294,0.002923976608,0.003898635478,0.01656920078,0.1861598441,0.01364522417,0.03703703704,0,0.06432748538,0.04678362573,0.05458089669,0.003898635478,0,0.001949317739,0.02339181287,0.05068226121,0.06920077973,0.0126705653,0.01364522417,0.0350877193,0.006822612086,0.005847953216,0.006822612086,0,0.001949317739,ms
0.04093567251,0.002923976608,0.08479532164,0.001949317739,0,0.1286549708,0.06140350877,0.001949317739,0.001949317739,0.01656920078,0.1783625731,0.005847953216,0.022417154,0.001949317739,0.08869395712,0.04873294347,0.05555555556,0.001949317739,0.002923976608,0,0.01851851852,0.04385964912,0.06335282651,0.006822612086,0.03703703704,0.03313840156,0.02046783626,0.009746588694,0.006822612086,0.0009746588694,0.01169590643,ms
0.05325443787,0.001972386588,0.08284023669,0.0009861932939,0,0.1232741617,0.06311637081,0,0.001972386588,0.02958579882,0.2001972387,0.004930966469,0.04043392505,0.0009861932939,0.07199211045,0.05424063116,0.04733727811,0,0,0.0009861932939,0.02268244576,0.05424063116,0.04930966469,0.01183431953,0.02465483235,0.02662721893,0.007889546351,0.01084812623,0.002958579882,0.002958579882,0.007889546351,ms
0.04875621891,0.005970149254,0.1054726368,0.0009950248756,0.0009950248756,0.1323383085,0.05373134328,0.0009950248756,0.0009950248756,0.01293532338,0.1641791045,0.001990049751,0.03582089552,0.0009950248756,0.08457711443,0.0368159204,0.04875621891,0.0009950248756,0.0009950248756,0.001990049751,0.04179104478,0.0447761194,0.09552238806,0.01293532338,0.04179104478,0.006965174129,0.001990049751,0.004975124378,0.001990049751,0,0.006965174129,ms
0.04549854792,0.006776379477,0.1035818006,0.002904162633,0.00968054211,0.1229428848,0.04453049371,0.003872216844,0.000968054211,0.02420135528,0.192642788,0.01161665053,0.03097773475,0.003872216844,0.08131655373,0.03678606002,0.03291384318,0.000968054211,0,0.001936108422,0.02807357212,0.05614714424,0.07454017425,0.01064859632,0.01936108422,0.02129719264,0.01452081317,0.004840271055,0.007744433688,0,0.004840271055,ms
0.0484496124,0.00484496124,0.0988372093,0.001937984496,0.001937984496,0.1230620155,0.04941860465,0.0009689922481,0.0009689922481,0.01744186047,0.1947674419,0.01259689922,0.03391472868,0,0.06879844961,0.04941860465,0.04069767442,0,0,0.001937984496,0.0242248062,0.05135658915,0.06879844961,0.008720930233,0.03585271318,0.01937984496,0.01647286822,0.002906976744,0.01065891473,0,0.01065891473,ms
0.04446640316,0.002964426877,0.1274703557,0,0,0.1561264822,0.05533596838,0.0009881422925,0.001976284585,0.006916996047,0.185770751,0.0009881422925,0.05731225296,0.0009881422925,0.05533596838,0.04150197628,0.03359683794,0,0,0.004940711462,0.02470355731,0.02766798419,0.08003952569,0.01679841897,0.04150197628,0.005928853755,0.006916996047,0.008893280632,0.006916996047,0,0.00395256917,ms
0.03972194638,0.01092353525,0.08540218471,0.0009930486594,0,0.134061569,0.07845084409,0.0009930486594,0,0.01489572989,0.183714002,0.001986097319,0.04568023833,0.002979145978,0.05362462761,0.04766633565,0.0585898709,0.0009930486594,0,0.0009930486594,0.02879841112,0.03574975174,0.07845084409,0.01290963257,0.04170804369,0.01588877855,0.007944389275,0.005958291956,0.002979145978,0.0009930486594,0.006951340616,ms
0.0412979351,0.005899705015,0.07374631268,0,0,0.121927237,0.07767944936,0.002949852507,0.0009832841691,0.01966568338,0.191740413,0.003933136676,0.04424778761,0,0.05801376598,0.05703048181,0.06489675516,0.001966568338,0.002949852507,0.001966568338,0.02359882006,0.04523107178,0.08357915438,0.01081612586,0.03146509341,0.01769911504,0.008849557522,0.001966568338,0.002949852507,0,0.002949852507,ms
0.04317958783,0.002944062807,0.07458292444,0,0,0.1246319921,0.07654563297,0.001962708538,0.001962708538,0.00883218842,0.2011776251,0.006869479882,0.03631010795,0.001962708538,0.0598626104,0.05004906771,0.04906771344,0.003925417076,0.0009813542689,0.005888125613,0.02257114818,0.0314033366,0.1099116781,0.0157016683,0.03827281649,0.005888125613,0.003925417076,0.007850834151,0.004906771344,0,0.00883218842,ms
0.04232283465,0.001968503937,0.09350393701,0.0009842519685,0,0.1181102362,0.1043307087,0.001968503937,0.0009842519685,0.01181102362,0.1929133858,0.005905511811,0.04330708661,0.001968503937,0.04822834646,0.04232283465,0.04822834646,0.003937007874,0.0009842519685,0.003937007874,0.02559055118,0.03051181102,0.1033464567,0.005905511811,0.04133858268,0.007874015748,0.008858267717,0.004921259843,0.0009842519685,0,0.002952755906,ms
0.04743083004,0.002964426877,0.06916996047,0.0009881422925,0,0.121541502,0.09288537549,0.001976284585,0.006916996047,0.02964426877,0.1877470356,0.002964426877,0.04150197628,0.001976284585,0.05830039526,0.05533596838,0.05533596838,0.00395256917,0,0.0009881422925,0.02470355731,0.04743083004,0.07114624506,0.0128458498,0.02371541502,0.02173913043,0.005928853755,0,0.001976284585,0,0.008893280632,ms
0.05069582505,0.004970178926,0.09642147117,0,0,0.1143141153,0.09840954274,0.003976143141,0.0009940357853,0.01988071571,0.1888667992,0.002982107356,0.04373757455,0.001988071571,0.0268389662,0.03677932406,0.05964214712,0.002982107356,0.002982107356,0.002982107356,0.03479125249,0.05069582505,0.02286282306,0.01491053678,0.03280318091,0.03677932406,0.02385685885,0.01192842942,0.005964214712,0,0.005964214712,ms
0.04240631164,0.004930966469,0.08777120316,0.001972386588,0,0.1183431953,0.09368836292,0.002958579882,0,0.01183431953,0.2199211045,0.0009861932939,0.05128205128,0.0009861932939,0.03550295858,0.05719921105,0.0483234714,0.001972386588,0.0009861932939,0.003944773176,0.03353057199,0.03846153846,0.08678500986,0.01084812623,0.02564102564,0.008875739645,0.0009861932939,0.002958579882,0.004930966469,0,0.001972386588,ms
0.03168316832,0.00297029703,0.09306930693,0.0009900990099,0,0.1306930693,0.07425742574,0,0.00198019802,0.01188118812,0.2059405941,0.00297029703,0.04653465347,0.0009900990099,0.04653465347,0.04752475248,0.04257425743,0.00297029703,0.0009900990099,0.00495049505,0.04059405941,0.03861386139,0.08118811881,0.01782178218,0.04851485149,0.006930693069,0.00495049505,0.00495049505,0.00396039604,0,0.00297029703,ms
0.03656126482,0.004940711462,0.09683794466,0.001976284585,0,0.1126482213,0.07411067194,0.004940711462,0,0.01581027668,0.2005928854,0.0009881422925,0.04150197628,0,0.04841897233,0.04545454545,0.04940711462,0.001976284585,0,0.006916996047,0.0256916996,0.04644268775,0.08893280632,0.01679841897,0.03656126482,0.01679841897,0.008893280632,0.004940711462,0.00395256917,0,0.00790513834,ms
0.04269449715,0.00284629981,0.0825426945,0.001897533207,0,0.09203036053,0.1024667932,0,0.001897533207,0.02466793169,0.1963946869,0.01043643264,0.03225806452,0.0009487666034,0.06261859583,0.03605313093,0.04648956357,0.001897533207,0,0.008538899431,0.0275142315,0.06451612903,0.06072106262,0.009487666034,0.02277039848,0.03510436433,0.01612903226,0.004743833017,0.006641366224,0.0009487666034,0.004743833017,ms
0.04253214639,0.004945598417,0.08605341246,0.0009891196835,0,0.1097922849,0.08209693373,0.0009891196835,0,0.01483679525,0.2027695351,0.004945598417,0.04055390702,0.001978239367,0.03857566766,0.05044510386,0.05934718101,0.0009891196835,0.0009891196835,0.004945598417,0.02868447082,0.03956478734,0.1018793274,0.01978239367,0.03066271019,0.01285855589,0.003956478734,0.004945598417,0.004945598417,0,0.003956478734,ms
0.04813359528,0.002946954813,0.08742632613,0.002946954813,0,0.1100196464,0.07956777996,0.001964636542,0.0009823182711,0.02062868369,0.2141453831,0.002946954813,0.02946954813,0.001964636542,0.05893909627,0.04616895874,0.05500982318,0.001964636542,0,0.004911591356,0.02455795678,0.05009823183,0.08251473477,0.01277013752,0.02259332024,0.02455795678,0.002946954813,0.001964636542,0.001964636542,0.0009823182711,0.004911591356,ms
0.04965243297,0.002979145978,0.1032770606,0,0,0.1330685204,0.08142999007,0.002979145978,0.004965243297,0.01092353525,0.2085402185,0.004965243297,0.03872889772,0,0.04965243297,0.03078450844,0.05660377358,0.0009930486594,0,0.001986097319,0.02085402185,0.03972194638,0.05362462761,0.01886792453,0.02284011917,0.02482621648,0.01787487587,0.008937437934,0.001986097319,0.0009930486594,0.007944389275,ms
0.05073170732,0.009756097561,0.1151219512,0.00487804878,0.0009756097561,0.1092682927,0.09073170732,0.002926829268,0.003902439024,0.008780487805,0.2117073171,0.01463414634,0.03902439024,0.0009756097561,0.04585365854,0.03414634146,0.03414634146,0.0009756097561,0.0009756097561,0.002926829268,0.02243902439,0.0312195122,0.07707317073,0.01365853659,0.03609756098,0.006829268293,0.01170731707,0.006829268293,0.005853658537,0.0009756097561,0.00487804878,ms
0.05320197044,0.002955665025,0.09655172414,0,0.0039408867,0.1300492611,0.09753694581,0.00197044335,0.00197044335,0.009852216749,0.1950738916,0.0039408867,0.04827586207,0.0009852216749,0.04433497537,0.06206896552,0.04433497537,0.00197044335,0.0009852216749,0.004926108374,0.02660098522,0.02857142857,0.07487684729,0.009852216749,0.03349753695,0.0039408867,0.00197044335,0.005911330049,0.007881773399,0.0009852216749,0.0009852216749,ms
0.03913894325,0.003913894325,0.09784735812,0,0.005870841487,0.1409001957,0.07632093933,0,0.001956947162,0.01467710372,0.2123287671,0.005870841487,0.03424657534,0.0009784735812,0.05283757339,0.04892367906,0.04305283757,0.0009784735812,0.0009784735812,0.002935420744,0.03522504892,0.04011741683,0.08219178082,0.01467710372,0.02544031311,0.002935420744,0.002935420744,0.005870841487,0.003913894325,0.0009784735812,0.001956947162,ms
0.0284592738,0.001962708538,0.1050049068,0.0009813542689,0.007850834151,0.1295387635,0.06575073602,0.002944062807,0.002944062807,0.01766437684,0.182531894,0.003925417076,0.04219823356,0.0009813542689,0.06280667321,0.04906771344,0.03042198234,0.002944062807,0.001962708538,0.0009813542689,0.03729146222,0.04906771344,0.08930323847,0.0157016683,0.03729146222,0.00883218842,0.003925417076,0.007850834151,0.007850834151,0,0.001962708538,ms
0.04069767442,0.006782945736,0.1046511628,0.001937984496,0.001937984496,0.1337209302,0.06104651163,0.003875968992,0.001937984496,0.007751937984,0.1986434109,0.006782945736,0.03972868217,0,0.06976744186,0.04166666667,0.04748062016,0.002906976744,0,0.001937984496,0.02034883721,0.03294573643,0.07558139535,0.007751937984,0.03391472868,0.03003875969,0.002906976744,0.008720930233,0.006782945736,0.002906976744,0.00484496124,ms
0.03605313093,0.00284629981,0.08538899431,0,0.007590132827,0.1138519924,0.06925996205,0.0009487666034,0.00284629981,0.01518026565,0.1821631879,0.01328273245,0.03510436433,0.0009487666034,0.08918406072,0.05123339658,0.05313092979,0,0,0.0009487666034,0.02371916509,0.03889943074,0.09203036053,0.01707779886,0.0284629981,0.01612903226,0.01138519924,0.00284629981,0.00569259962,0.0009487666034,0.00284629981,ms
0.04662698413,0.00496031746,0.08035714286,0.001984126984,0.007936507937,0.1388888889,0.06349206349,0.001984126984,0.001984126984,0.01091269841,0.1597222222,0.001984126984,0.03670634921,0.0009920634921,0.08134920635,0.06746031746,0.05257936508,0,0.001984126984,0.001984126984,0.03075396825,0.03273809524,0.1021825397,0.006944444444,0.04365079365,0.00496031746,0.002976190476,0.006944444444,0.003968253968,0,0.0009920634921,ms
0.04055390702,0.004945598417,0.1325420376,0,0,0.1533135509,0.06033630069,0.001978239367,0.001978239367,0.003956478734,0.2096933729,0.004945598417,0.02769535114,0.00296735905,0.0296735905,0.03264094955,0.04352126607,0.00296735905,0.0009891196835,0.004945598417,0.03165182987,0.02670623145,0.07121661721,0.02176063304,0.04549950544,0.006923837784,0.008902077151,0.01978239367,0.00296735905,0,0.004945598417,ms
0.04637681159,0.006763285024,0.1140096618,0.00193236715,0.0009661835749,0.1265700483,0.04734299517,0.004830917874,0.002898550725,0.008695652174,0.1748792271,0.009661835749,0.0347826087,0.0009661835749,0.06763285024,0.02801932367,0.06086956522,0.004830917874,0.0009661835749,0.007729468599,0.02415458937,0.04154589372,0.08888888889,0.01062801932,0.03188405797,0.01642512077,0.0154589372,0.0115942029,0.005797101449,0,0.002898550725,ms
0.05344995141,0.002915451895,0.09329446064,0.002915451895,0,0.1253644315,0.09620991254,0.001943634597,0.001943634597,0.01360544218,0.1846452867,0.00583090379,0.03692905734,0,0.04956268222,0.05442176871,0.05442176871,0.001943634597,0.0009718172983,0.003887269193,0.03206997085,0.04373177843,0.07191448008,0.01360544218,0.02721088435,0.00583090379,0.007774538387,0.004859086492,0.00583090379,0,0.002915451895,ms
0.04771178189,0.002921129503,0.08373904576,0,0,0.1256085686,0.07692307692,0.002921129503,0.001947419669,0.01071080818,0.1898734177,0.005842259007,0.03700097371,0,0.04868549172,0.06231742941,0.04089581305,0.002921129503,0.0009737098345,0.003894839338,0.04284323272,0.04576436222,0.09152872444,0.01071080818,0.03894839338,0.004868549172,0.004868549172,0.004868549172,0.003894839338,0.0009737098345,0.005842259007,ms
0.05362462761,0.002979145978,0.137040715,0.0009930486594,0,0.1151936445,0.07050645482,0.0009930486594,0,0.005958291956,0.1886792453,0.0009930486594,0.02780536246,0,0.05759682224,0.03475670308,0.0635551142,0.001986097319,0,0.005958291956,0.02780536246,0.03376365442,0.09632571996,0.02482621648,0.02780536246,0.0009930486594,0.003972194638,0.008937437934,0.001986097319,0,0.004965243297,ms
0.04897159647,0.002938295788,0.09500489716,0,0,0.1351616063,0.06072477963,0.0009794319295,0.002938295788,0.01273261508,0.2047012733,0.006856023506,0.03721841332,0.001958863859,0.05582761998,0.0499510284,0.0499510284,0.0009794319295,0,0.001958863859,0.02742409403,0.03036238981,0.08325171401,0.01371204701,0.04799216454,0.004897159647,0.004897159647,0.008814887365,0.003917727718,0.001958863859,0.003917727718,ms
0.05533596838,0.005928853755,0.09683794466,0.0009881422925,0,0.1264822134,0.08102766798,0.0009881422925,0.0009881422925,0.002964426877,0.1788537549,0.00395256917,0.06818181818,0.004940711462,0.04150197628,0.05928853755,0.03656126482,0.0009881422925,0,0.0009881422925,0.03557312253,0.02766798419,0.08399209486,0.01482213439,0.04446640316,0.004940711462,0.004940711462,0.005928853755,0.004940711462,0,0.005928853755,ms
0.05268389662,0.003976143141,0.08946322068,0.001988071571,0,0.1312127237,0.07952286282,0.003976143141,0.002982107356,0.01789264414,0.175944334,0,0.04870775348,0.0009940357853,0.06660039761,0.05467196819,0.03677932406,0.0009940357853,0,0.003976143141,0.0337972167,0.05069582505,0.08051689861,0.01192842942,0.03180914513,0.001988071571,0.001988071571,0.004970178926,0.003976143141,0,0.005964214712,ms
0.05216535433,0.004921259843,0.1003937008,0,0,0.1446850394,0.0688976378,0.0009842519685,0,0.003937007874,0.2096456693,0.001968503937,0.03641732283,0.003937007874,0.05511811024,0.04527559055,0.04232283465,0,0,0.004921259843,0.02755905512,0.02854330709,0.0875984252,0.01968503937,0.04232283465,0.002952755906,0.003937007874,0.004921259843,0.002952755906,0.001968503937,0.001968503937,ms
0.05135658915,0.002906976744,0.07073643411,0.0009689922481,0.0009689922481,0.1182170543,0.06492248062,0.001937984496,0.002906976744,0.0261627907,0.1676356589,0.008720930233,0.03972868217,0.001937984496,0.08139534884,0.0523255814,0.06007751938,0,0.0009689922481,0.0009689922481,0.03585271318,0.05426356589,0.06589147287,0.01356589147,0.03003875969,0.02034883721,0.01065891473,0.007751937984,0.0009689922481,0.0009689922481,0.00484496124,ms
0.05212355212,0.003861003861,0.08011583012,0,0,0.1167953668,0.09073359073,0.0009652509653,0.0009652509653,0.005791505792,0.2017374517,0.009652509653,0.04247104247,0,0.05694980695,0.07239382239,0.0444015444,0.001930501931,0.0009652509653,0.0009652509653,0.04247104247,0.03571428571,0.06467181467,0.01640926641,0.02316602317,0.008687258687,0.01158301158,0.002895752896,0.005791505792,0.002895752896,0.002895752896,ms
0.05475504323,0.009606147935,0.1018251681,0.0009606147935,0,0.1239193084,0.06820365034,0.001921229587,0.00288184438,0.008645533141,0.2055715658,0.007684918348,0.03458213256,0.0009606147935,0.05091258405,0.05763688761,0.05187319885,0.003842459174,0,0.001921229587,0.03170028818,0.03362151777,0.06724303554,0.01633045149,0.02209414025,0.01056676273,0.0144092219,0.00288184438,0.008645533141,0.001921229587,0.00288184438,ms
0.05621301775,0.003944773176,0.08974358974,0.0009861932939,0,0.1282051282,0.06903353057,0.001972386588,0.003944773176,0.008875739645,0.1834319527,0.002958579882,0.05029585799,0,0.07889546351,0.05424063116,0.03353057199,0.0009861932939,0.0009861932939,0.001972386588,0.03057199211,0.0325443787,0.08777120316,0.01972386588,0.02662721893,0.002958579882,0.009861932939,0.01282051282,0.0009861932939,0,0.005917159763,ms
0.0523715415,0.005928853755,0.07213438735,0.0009881422925,0,0.1254940711,0.07411067194,0,0.0009881422925,0.00790513834,0.1383399209,0.00395256917,0.03754940711,0.001976284585,0.08300395257,0.05632411067,0.06422924901,0.004940711462,0.001976284585,0.002964426877,0.04249011858,0.04743083004,0.08498023715,0.02075098814,0.03458498024,0.00790513834,0.004940711462,0.01086956522,0.001976284585,0.0009881422925,0.00790513834,ms
0.05088062622,0.005870841487,0.08708414873,0,0,0.1291585127,0.06555772994,0.002935420744,0.001956947162,0.0156555773,0.1702544031,0.00782778865,0.03326810176,0.001956947162,0.06947162427,0.0626223092,0.04990215264,0.002935420744,0.0009784735812,0.001956947162,0.02739726027,0.04011741683,0.09001956947,0.01272015656,0.0518590998,0.001956947162,0.002935420744,0.006849315068,0.001956947162,0,0.003913894325,ms
0.04733727811,0.001972386588,0.09960552268,0.001972386588,0,0.1390532544,0.07889546351,0.002958579882,0.0009861932939,0.005917159763,0.1666666667,0.003944773176,0.03353057199,0,0.07297830375,0.05522682446,0.04635108481,0.002958579882,0,0.001972386588,0.03648915187,0.04043392505,0.08777120316,0.02268244576,0.03648915187,0.001972386588,0.001972386588,0.002958579882,0.001972386588,0,0.004930966469,ms
0.05242334322,0.00296735905,0.1038575668,0.00296735905,0,0.1206726014,0.07616221563,0.001978239367,0.001978239367,0.006923837784,0.1839762611,0.001978239367,0.03165182987,0.0009891196835,0.07616221563,0.05044510386,0.05637982196,0.00296735905,0,0.0009891196835,0.02769535114,0.03461918892,0.1028684471,0.01978239367,0.02274975272,0.00296735905,0.004945598417,0.003956478734,0.001978239367,0,0.00296735905,ms
0.04965920156,0,0.09444985394,0,0,0.1032132425,0.0847127556,0.0009737098345,0.001947419669,0.01168451801,0.1791626095,0.009737098345,0.04771178189,0.001947419669,0.0564751704,0.06329113924,0.04479065239,0.002921129503,0.0009737098345,0,0.02726387537,0.03505355404,0.07497565725,0.01168451801,0.03700097371,0.02239532619,0.01655306719,0.003894839338,0.006815968841,0,0.01071080818,ms
0.0483234714,0.002958579882,0.05917159763,0.004930966469,0,0.1380670611,0.06311637081,0.001972386588,0.001972386588,0.003944773176,0.1814595661,0.004930966469,0.04437869822,0.0009861932939,0.07100591716,0.06213017751,0.05424063116,0.0009861932939,0.0009861932939,0.004930966469,0.02859960552,0.03550295858,0.1035502959,0.009861932939,0.04339250493,0.009861932939,0.006903353057,0.004930966469,0.002958579882,0,0.003944773176,ms
0.04039408867,0.002955665025,0.07487684729,0.002955665025,0,0.1320197044,0.07389162562,0.0009852216749,0.00197044335,0.02068965517,0.1724137931,0.00197044335,0.03645320197,0,0.06600985222,0.05911330049,0.05615763547,0,0.00197044335,0.0009852216749,0.03448275862,0.04630541872,0.09261083744,0.0118226601,0.03743842365,0.007881773399,0.007881773399,0.005911330049,0.005911330049,0.0009852216749,0.002955665025,ms
0.02909796314,0.008729388943,0.07468477207,0.0009699321048,0,0.1037827352,0.07565470417,0.00193986421,0,0.01163918526,0.2124151309,0.004849660524,0.03297769156,0.00193986421,0.0620756547,0.06304558681,0.04267701261,0.00193986421,0,0.003879728419,0.03297769156,0.05043646945,0.09117361785,0.01066925315,0.03588748788,0.02521823472,0.006789524733,0.003879728419,0.002909796314,0.0009699321048,0.006789524733,ms
0.05083088954,0.008797653959,0.1251221896,0,0,0.1241446725,0.09188660802,0,0.0009775171065,0.01270772239,0.1886608016,0.01075268817,0.04985337243,0.00293255132,0.04594330401,0.02737047898,0.04007820137,0,0.0009775171065,0.001955034213,0.02150537634,0.0303030303,0.07135874878,0.02248289345,0.02639296188,0.01368523949,0.01270772239,0.007820136852,0.005865102639,0,0.003910068426,ms
0.03145853194,0.003813155386,0.105815062,0.001906577693,0,0.1258341277,0.08293612965,0.00285986654,0.004766444233,0.0142993327,0.1887511916,0.02001906578,0.03908484271,0.0009532888465,0.05815061964,0.03527168732,0.05243088656,0.001906577693,0.0009532888465,0.001906577693,0.01715919924,0.04385128694,0.05338417541,0.0266920877,0.01906577693,0.03622497617,0.01048617731,0.005719733079,0.007626310772,0.0009532888465,0.005719733079,ms
0.04352126607,0.007912957468,0.1295746785,0.001978239367,0,0.1434223541,0.08110781405,0.0009891196835,0.00296735905,0.003956478734,0.1899109792,0.00296735905,0.05143422354,0.004945598417,0.04451038576,0.03560830861,0.03264094955,0.0009891196835,0.00296735905,0.00296735905,0.02868447082,0.0237388724,0.06528189911,0.03165182987,0.03363006924,0.003956478734,0.009891196835,0.009891196835,0.003956478734,0.001978239367,0.00296735905,ms
0.05130687318,0.007744433688,0.1074540174,0.001936108422,0,0.1258470474,0.1016456922,0.003872216844,0,0.004840271055,0.2168441433,0.008712487899,0.04065827686,0.001936108422,0.03775411423,0.03775411423,0.04646660213,0.000968054211,0.000968054211,0.002904162633,0.01258470474,0.01645692159,0.06292352372,0.02904162633,0.03194578896,0.01645692159,0.01548886738,0.007744433688,0.003872216844,0.000968054211,0.002904162633,ms
0.04588910134,0.001912045889,0.09464627151,0.001912045889,0.0009560229446,0.1290630975,0.08604206501,0.003824091778,0.004780114723,0.01434034417,0.1864244742,0.02103250478,0.03346080306,0.0009560229446,0.06596558317,0.03250478011,0.05927342256,0.0009560229446,0,0.001912045889,0.01816443595,0.04110898662,0.0430210325,0.01529636711,0.03059273423,0.03919694073,0.01338432122,0.005736137667,0.0009560229446,0.0009560229446,0.005736137667,ms
0.05039525692,0.009881422925,0.1314229249,0.0009881422925,0,0.1551383399,0.08201581028,0.0009881422925,0.0009881422925,0.002964426877,0.2114624506,0.002964426877,0.06126482213,0.001976284585,0.03853754941,0.02865612648,0.0256916996,0,0,0.00395256917,0.01185770751,0.01383399209,0.06324110672,0.01877470356,0.02766798419,0.009881422925,0.01877470356,0.01976284585,0.002964426877,0,0.002964426877,ms
0.04352126607,0.003956478734,0.1028684471,0.0009891196835,0,0.1266073195,0.07912957468,0,0.0009891196835,0.0178041543,0.193867458,0.004945598417,0.03659742829,0.00296735905,0.04747774481,0.04253214639,0.04945598417,0.0009891196835,0,0.001978239367,0.03165182987,0.05143422354,0.06231454006,0.01285855589,0.03363006924,0.006923837784,0.01384767557,0.01483679525,0.005934718101,0.0009891196835,0.008902077151,ms
0.03451676529,0.002958579882,0.107495069,0,0,0.1331360947,0.09171597633,0,0.001972386588,0.01183431953,0.1715976331,0.001972386588,0.05226824458,0.001972386588,0.06015779093,0.03944773176,0.04240631164,0.0009861932939,0,0.0009861932939,0.03648915187,0.03648915187,0.0808678501,0.007889546351,0.04339250493,0.008875739645,0.01084812623,0.009861932939,0.007889546351,0,0.001972386588,ms
0.04263565891,0.001937984496,0.1075581395,0,0,0.1308139535,0.06201550388,0.001937984496,0.003875968992,0.02810077519,0.1773255814,0.01065891473,0.0503875969,0.001937984496,0.05620155039,0.03682170543,0.04360465116,0.001937984496,0.0009689922481,0.003875968992,0.04069767442,0.07170542636,0.05329457364,0.005813953488,0.02810077519,0.01550387597,0.006782945736,0.00484496124,0.003875968992,0.0009689922481,0.005813953488,ms
0.05626850938,0.0009871668312,0.1026653504,0.0009871668312,0,0.1243830207,0.06712734452,0.001974333662,0.001974333662,0.009871668312,0.1609081935,0.001974333662,0.04935834156,0,0.06910167818,0.03751233959,0.05034550839,0.005923000987,0,0.001974333662,0.03257650543,0.04639684107,0.07996051333,0.03060217177,0.02764067127,0.01283316881,0.006910167818,0.01184600197,0.002961500494,0.0009871668312,0.003948667325,ms
0.05160662123,0.007789678676,0.1012658228,0,0,0.141187926,0.06621226874,0.001947419669,0.001947419669,0.01363193768,0.1733203505,0.01363193768,0.04673807205,0,0.05842259007,0.04186952288,0.04771178189,0.002921129503,0.0009737098345,0.002921129503,0.02726387537,0.03700097371,0.08081791626,0.01363193768,0.04381694255,0.004868549172,0.002921129503,0.004868549172,0.003894839338,0.0009737098345,0.005842259007,ms
0.04719764012,0.001966568338,0.116027532,0,0,0.1268436578,0.04031465093,0.0009832841691,0,0.007866273353,0.2104228122,0.004916420846,0.03736479843,0,0.05801376598,0.05506391347,0.04719764012,0.001966568338,0,0.004916420846,0.03441494592,0.03146509341,0.09734513274,0.01573254671,0.03933136676,0.001966568338,0.003933136676,0.002949852507,0.002949852507,0,0.008849557522,ms
0.05341246291,0,0.1008902077,0.0009891196835,0.0009891196835,0.1305637982,0.08902077151,0.0009891196835,0.0009891196835,0.003956478734,0.1770524233,0.004945598417,0.04648862512,0.0009891196835,0.05341246291,0.04154302671,0.04451038576,0.0009891196835,0.003956478734,0.001978239367,0.03066271019,0.03461918892,0.09693372898,0.0118694362,0.03956478734,0.00296735905,0.006923837784,0.004945598417,0.003956478734,0.00296735905,0.006923837784,ms
0.03953712633,0.009643201543,0.1282545805,0.001928640309,0,0.1128254581,0.0568948891,0,0,0.02025072324,0.2160077146,0.0106075217,0.03857280617,0,0.05110896818,0.03857280617,0.04725168756,0.001928640309,0.0009643201543,0.002892960463,0.01832208293,0.03471552555,0.08196721311,0.0106075217,0.02796528447,0.02410800386,0.008678881389,0.00675024108,0.00675024108,0.0009643201543,0.001928640309,ms
0.04479065239,0.001947419669,0.09737098345,0.001947419669,0,0.1041869523,0.07497565725,0.002921129503,0,0.02726387537,0.2044790652,0.01460564752,0.03018500487,0.0009737098345,0.06621226874,0.04771178189,0.04284323272,0,0.0009737098345,0.0009737098345,0.02434274586,0.04771178189,0.08568646543,0.00876338851,0.02434274586,0.01363193768,0.01363193768,0.007789678676,0.007789678676,0,0.001947419669,ms
0.05257936508,0.002976190476,0.1111111111,0.003968253968,0,0.1349206349,0.05952380952,0.002976190476,0.002976190476,0.01488095238,0.1845238095,0.0009920634921,0.05158730159,0.001984126984,0.05654761905,0.04563492063,0.04365079365,0.002976190476,0.0009920634921,0.0009920634921,0.02777777778,0.03571428571,0.0873015873,0.0128968254,0.03075396825,0.005952380952,0.006944444444,0.007936507937,0.003968253968,0,0.00496031746,ms
0.02921129503,0.004868549172,0.1012658228,0.0009737098345,0,0.111976631,0.07692307692,0.001947419669,0,0.003894839338,0.2093476144,0.007789678676,0.04284323272,0.0009737098345,0.05258033106,0.05452775073,0.04576436222,0.001947419669,0.0009737098345,0.002921129503,0.02044790652,0.0311587147,0.09737098345,0.01752677702,0.03213242454,0.02142161636,0.01265822785,0.006815968841,0.003894839338,0,0.005842259007,ms
0.06831683168,0.00297029703,0.07821782178,0.00198019802,0,0.1128712871,0.08217821782,0.006930693069,0,0.00495049505,0.1900990099,0.006930693069,0.03267326733,0.00198019802,0.05148514851,0.06732673267,0.05346534653,0.00495049505,0,0.00396039604,0.0297029703,0.03465346535,0.101980198,0.008910891089,0.02673267327,0.006930693069,0.00396039604,0.006930693069,0.00198019802,0,0.006930693069,ms
0.05039525692,0.008893280632,0.07213438735,0.0009881422925,0,0.1245059289,0.0652173913,0.00395256917,0.004940711462,0.01482213439,0.2114624506,0.001976284585,0.03458498024,0.0009881422925,0.07312252964,0.06027667984,0.04743083004,0,0.0009881422925,0.002964426877,0.02766798419,0.04150197628,0.09980237154,0.00790513834,0.02470355731,0.00395256917,0.001976284585,0.005928853755,0.002964426877,0,0.00395256917,ms
0.05283757339,0.003913894325,0.0782778865,0.0009784735812,0,0.1164383562,0.0831702544,0.001956947162,0.001956947162,0.01076320939,0.2015655577,0.005870841487,0.03228962818,0.0009784735812,0.06457925636,0.05479452055,0.05772994129,0.001956947162,0.001956947162,0.003913894325,0.02054794521,0.03228962818,0.1046966732,0.008806262231,0.02837573386,0.00782778865,0.008806262231,0.003913894325,0.001956947162,0,0.005870841487,ms
0.046812749,0.001992031873,0.05577689243,0,0,0.1215139442,0.06175298805,0.003984063745,0.001992031873,0.01394422311,0.1982071713,0.001992031873,0.02888446215,0.0009960159363,0.07071713147,0.06972111554,0.06075697211,0.005976095618,0,0.001992031873,0.0438247012,0.046812749,0.09860557769,0.01294820717,0.02788844622,0.005976095618,0.003984063745,0.005976095618,0.002988047809,0,0.003984063745,ms
0.04666666667,0.002857142857,0.05333333333,0.0009523809524,0.001904761905,0.1104761905,0.07238095238,0.001904761905,0,0.01333333333,0.1923809524,0.0219047619,0.01333333333,0,0.0819047619,0.04476190476,0.07047619048,0.001904761905,0,0.001904761905,0.02666666667,0.04761904762,0.1057142857,0.0180952381,0.02761904762,0.01904761905,0.01047619048,0.00380952381,0.004761904762,0,0.002857142857,ms
0.04202483286,0.004775549188,0.06399235912,0.0009551098376,0,0.11747851,0.07067812798,0.001910219675,0,0.01050620821,0.1900668577,0.009551098376,0.03247373448,0.001910219675,0.07258834766,0.05348615091,0.05921680993,0.002865329513,0.0009551098376,0,0.02483285578,0.05062082139,0.09551098376,0.01623686724,0.0305635148,0.02196752627,0.008595988539,0.005730659026,0.001910219675,0,0.008595988539,ms
0.04813359528,0.002946954813,0.07563850688,0.001964636542,0,0.1119842829,0.07072691552,0.001964636542,0.004911591356,0.01277013752,0.1787819253,0.002946954813,0.03241650295,0,0.06974459725,0.05304518664,0.04911591356,0.001964636542,0.0009823182711,0.0009823182711,0.03831041257,0.05697445972,0.07170923379,0.01768172888,0.04027504912,0.02652259332,0.01473477407,0.01080550098,0.0009823182711,0,0.0009823182711,ms
0.05263157895,0.002923976608,0.07212475634,0.001949317739,0,0.1179337232,0.07115009747,0.001949317739,0.0009746588694,0.01364522417,0.1764132554,0.007797270955,0.03216374269,0,0.08187134503,0.04093567251,0.05165692008,0.004873294347,0.0009746588694,0.002923976608,0.03606237817,0.06140350877,0.07602339181,0.01364522417,0.03411306043,0.02046783626,0.005847953216,0.007797270955,0.005847953216,0,0.003898635478,ms
0.05263157895,0.003827751196,0.05454545455,0.003827751196,0,0.1052631579,0.08612440191,0.000956937799,0.001913875598,0.02583732057,0.180861244,0.01722488038,0.02488038278,0,0.08612440191,0.05263157895,0.04401913876,0,0.000956937799,0.001913875598,0.03349282297,0.07655502392,0.06028708134,0.004784688995,0.02966507177,0.02583732057,0.01339712919,0.002870813397,0.004784688995,0,0.002870813397,ms
0.04403131115,0.002935420744,0.0675146771,0.001956947162,0,0.1076320939,0.05675146771,0.001956947162,0.003913894325,0.01467710372,0.1996086106,0.005870841487,0.02837573386,0.001956947162,0.07729941292,0.06164383562,0.05088062622,0.001956947162,0.0009784735812,0.003913894325,0.03424657534,0.04990215264,0.08806262231,0.01174168297,0.0362035225,0.02152641879,0.01174168297,0.00782778865,0.002935420744,0,0.001956947162,ms
0.05039525692,0.006916996047,0.07114624506,0,0,0.1343873518,0.07015810277,0.002964426877,0,0.0128458498,0.1867588933,0.002964426877,0.03359683794,0.001976284585,0.07806324111,0.04545454545,0.05138339921,0.0009881422925,0,0.004940711462,0.03458498024,0.03754940711,0.07509881423,0.02173913043,0.03557312253,0.01383399209,0.01086956522,0.01086956522,0.0009881422925,0.0009881422925,0.002964426877,ms
0.03646833013,0.004798464491,0.09980806142,0,0,0.1314779271,0.07389635317,0.0009596928983,0.001919385797,0.01151631478,0.1785028791,0.01439539347,0.06909788868,0,0.0527831094,0.04606525912,0.04894433781,0.0009596928983,0,0.0009596928983,0.02783109405,0.03838771593,0.0527831094,0.01247600768,0.03071017274,0.02207293666,0.01055662188,0.01823416507,0.006717850288,0.002879078695,0.003838771593,ms
0.05088062622,0.003913894325,0.09686888454,0,0,0.1311154599,0.06653620352,0.003913894325,0.006849315068,0.0156555773,0.1878669276,0.002935420744,0.05381604697,0.0009784735812,0.04305283757,0.05577299413,0.04892367906,0.001956947162,0.001956947162,0.0009784735812,0.03228962818,0.04403131115,0.0626223092,0.006849315068,0.03424657534,0.01467710372,0.009784735812,0.009784735812,0.003913894325,0.002935420744,0.004892367906,ms
0.04245283019,0.005660377358,0.06981132075,0,0.0009433962264,0.1,0.06886792453,0.0009433962264,0.001886792453,0.02075471698,0.1905660377,0.02169811321,0.02358490566,0.0009433962264,0.05377358491,0.06698113208,0.08490566038,0.001886792453,0,0.001886792453,0.02735849057,0.06132075472,0.05943396226,0.01132075472,0.02735849057,0.02264150943,0.01226415094,0.008490566038,0.007547169811,0.001886792453,0.002830188679,ms
0.03581800581,0.003872216844,0.06776379477,0,0.000968054211,0.1122942885,0.07744433688,0.004840271055,0.004840271055,0.01064859632,0.1839303001,0.01064859632,0.03775411423,0,0.0435624395,0.06873184898,0.07357212004,0.001936108422,0.000968054211,0.000968054211,0.03969022265,0.04937076476,0.05711519845,0.006776379477,0.04937076476,0.01936108422,0.01452081317,0.006776379477,0.003872216844,0.001936108422,0.01064859632,ms
0.03857280617,0.0009643201543,0.06653809065,0,0,0.1089681774,0.06846673095,0.004821600771,0.007714561234,0.02025072324,0.1494696239,0.008678881389,0.05593056895,0.001928640309,0.0675024108,0.07135969142,0.06557377049,0.001928640309,0.0009643201543,0.001928640309,0.0337512054,0.05014464802,0.05110896818,0.0106075217,0.04146576663,0.03278688525,0.01253616201,0.0106075217,0.007714561234,0.0009643201543,0.00675024108,ms
0.04603330069,0,0.07051909892,0,0,0.1214495593,0.05778648384,0.001958863859,0.004897159647,0.01371204701,0.1919686582,0.008814887365,0.04113614104,0.0009794319295,0.0499510284,0.07835455436,0.06562193928,0.001958863859,0,0,0.04211557297,0.04799216454,0.05288932419,0.01175318315,0.04407443683,0.02252693438,0.005876591577,0.008814887365,0.002938295788,0.001958863859,0.003917727718,ms
0.0305635148,0.002865329513,0.07927411652,0,0.002865329513,0.1155682904,0.07736389685,0.001910219675,0,0.02578796562,0.1862464183,0.02196752627,0.03438395415,0.0009551098376,0.06303724928,0.06303724928,0.06017191977,0.005730659026,0.0009551098376,0.002865329513,0.02387774594,0.04584527221,0.04011461318,0.01241642789,0.03820439351,0.02005730659,0.02578796562,0.003820439351,0.008595988539,0.0009551098376,0.004775549188,ms
0.04182879377,0.006809338521,0.0953307393,0.0009727626459,0.00486381323,0.1186770428,0.08657587549,0.001945525292,0.0009727626459,0.01653696498,0.1926070039,0.007782101167,0.03112840467,0.0009727626459,0.05642023346,0.0359922179,0.05544747082,0.0009727626459,0.001945525292,0,0.03015564202,0.05252918288,0.04085603113,0.01653696498,0.02529182879,0.02918287938,0.02042801556,0.0126459144,0.006809338521,0,0.007782101167,ms
0.04104104104,0.007007007007,0.1031031031,0.001001001001,0,0.1551551552,0.09209209209,0,0.008008008008,0.01701701702,0.1761761762,0,0.05305305305,0.002002002002,0.03403403403,0.02802802803,0.04604604605,0.002002002002,0,0.005005005005,0.02502502503,0.03603603604,0.03703703704,0.02102102102,0.05405405405,0.01301301301,0.02502502503,0.01101101101,0.005005005005,0,0.002002002002,jp
0.03209628887,0.001003009027,0.1053159478,0.002006018054,0,0.1685055165,0.06519558676,0,0.002006018054,0.00702106319,0.1624874624,0,0.06018054162,0,0.06720160481,0.0481444333,0.04714142427,0.004012036108,0,0,0.03109327984,0.02708124373,0.08425275827,0.01805416249,0.02708124373,0.006018054162,0.006018054162,0.01303911735,0.01003009027,0,0.005015045135,jp
0.034,0.002,0.107,0.003,0,0.148,0.073,0.005,0.002,0.004,0.176,0,0.029,0.003,0.058,0.047,0.059,0.008,0.001,0,0.038,0.034,0.085,0.019,0.035,0.002,0.009,0.011,0.003,0.002,0.003,jp
0.037,0.003,0.104,0.001,0,0.14,0.071,0.004,0.001,0.019,0.157,0,0.054,0.003,0.064,0.051,0.049,0.001,0.001,0.002,0.033,0.039,0.07,0.03,0.039,0.006,0.001,0.009,0.009,0,0.002,jp
0.036,0.006,0.103,0.003,0,0.147,0.055,0.001,0.001,0.005,0.16,0,0.04,0.001,0.069,0.044,0.066,0,0.001,0.003,0.026,0.029,0.106,0.019,0.045,0.004,0.002,0.012,0.008,0.001,0.007,jp
0.038,0.003,0.099,0,0,0.145,0.049,0.003,0,0.013,0.167,0,0.048,0,0.067,0.043,0.061,0.004,0.001,0.002,0.033,0.039,0.087,0.026,0.041,0.002,0.004,0.01,0.007,0.002,0.006,jp
0.04095904096,0.000999000999,0.1078921079,0.007992007992,0,0.1308691309,0.05294705295,0.000999000999,0,0.01798201798,0.1538461538,0,0.04795204795,0,0.06293706294,0.04995004995,0.04295704296,0.003996003996,0,0.001998001998,0.03196803197,0.03896103896,0.08991008991,0.02997002997,0.04095904096,0.01198801199,0.003996003996,0.01598401598,0.001998001998,0,0.00999000999,jp
0.033,0.002,0.069,0.002,0.001,0.127,0.056,0.002,0,0.008,0.151,0,0.034,0,0.093,0.06,0.06,0.004,0.001,0.005,0.04,0.043,0.11,0.03,0.044,0,0.003,0.006,0.009,0.001,0.006,jp
0.04,0.004,0.096,0,0.001,0.135,0.049,0.001,0,0.011,0.162,0,0.035,0,0.093,0.055,0.05,0.004,0.001,0.002,0.032,0.043,0.098,0.027,0.024,0.005,0.002,0.008,0.01,0,0.012,jp
0.04212637914,0.008024072217,0.1293881645,0.004012036108,0,0.1344032096,0.0852557673,0.001003009027,0.002006018054,0.006018054162,0.1805416249,0.001003009027,0.06720160481,0.002006018054,0.05215646941,0.01905717151,0.03911735206,0.001003009027,0,0.001003009027,0.01905717151,0.02708124373,0.06920762287,0.01705115346,0.04513540622,0.01504513541,0.01203610832,0.004012036108,0.009027081244,0,0.00702106319,jp
0.054,0.004,0.088,0.001,0,0.113,0.081,0.004,0.003,0.018,0.202,0,0.058,0.003,0.041,0.035,0.057,0,0.001,0.001,0.038,0.059,0.013,0.017,0.024,0.037,0.034,0.004,0.006,0,0.004,lb
0.043,0.007,0.1,0.003,0.002,0.108,0.094,0.005,0.005,0.01,0.208,0,0.05,0.003,0.037,0.041,0.064,0.003,0.002,0.002,0.015,0.036,0.049,0.012,0.02,0.03,0.034,0.009,0.006,0.001,0.001,lb
0.059,0.004,0.094,0.002,0,0.12,0.076,0.001,0.01,0.011,0.169,0,0.08,0.001,0.037,0.044,0.058,0.003,0.001,0.004,0.019,0.037,0.058,0.015,0.021,0.037,0.019,0.004,0.009,0,0.007,lb
0.051,0.008,0.099,0.003,0,0.106,0.097,0.005,0.007,0.012,0.155,0,0.072,0.008,0.043,0.036,0.061,0.002,0.002,0.005,0.026,0.036,0.065,0.014,0.023,0.027,0.016,0.009,0.007,0,0.005,lb
0.05289421158,0.003992015968,0.08682634731,0.00499001996,0.000998003992,0.1177644711,0.09680638723,0.001996007984,0.003992015968,0.01896207585,0.1966067864,0,0.04291417166,0.001996007984,0.03093812375,0.04191616766,0.06387225549,0.003992015968,0.001996007984,0.008982035928,0.02395209581,0.05089820359,0.05489021956,0.01097804391,0.01097804391,0.02794411178,0.01796407186,0.003992015968,0.00998003992,0.000998003992,0.00499001996,lb
0.06593406593,0.002997002997,0.08491508492,0.003996003996,0,0.09390609391,0.09490509491,0.005994005994,0.008991008991,0.02697302697,0.1748251748,0,0.04995004995,0.000999000999,0.04895104895,0.02397602398,0.09190809191,0.004995004995,0.000999000999,0.003996003996,0.01398601399,0.04695304695,0.05194805195,0.003996003996,0.01398601399,0.03596403596,0.01898101898,0.007992007992,0.008991008991,0,0.006993006993,lb
0.062,0.006,0.097,0.002,0,0.131,0.083,0.001,0.004,0.031,0.169,0,0.051,0.003,0.05,0.029,0.071,0,0,0.002,0.015,0.051,0.05,0.012,0.02,0.026,0.014,0.008,0.004,0,0.008,lb
0.05694305694,0.003996003996,0.08591408591,0.002997002997,0,0.1008991009,0.0989010989,0.003996003996,0.001998001998,0.02297702298,0.1648351648,0,0.06093906094,0.003996003996,0.05394605395,0.02397602398,0.08191808192,0.000999000999,0,0.000999000999,0.01598401598,0.04195804196,0.04495504496,0.008991008991,0.01998001998,0.04195804196,0.02697302697,0.004995004995,0.007992007992,0.000999000999,0.01498501499,lb
0.045,0.002,0.104,0.007,0,0.1,0.102,0.001,0.004,0.013,0.205,0.001,0.05,0.004,0.025,0.027,0.056,0.002,0,0.001,0.032,0.055,0.016,0.013,0.023,0.049,0.042,0.008,0.005,0.001,0.007,lb
0.063,0.012,0.092,0.002,0.001,0.107,0.082,0.006,0.003,0.018,0.18,0,0.063,0.004,0.039,0.019,0.064,0,0.001,0.003,0.015,0.047,0.044,0.013,0.035,0.033,0.03,0.006,0.013,0,0.005,lb
0.039,0.004,0.08,0.008,0,0.114,0.078,0.002,0.005,0.016,0.197,0,0.041,0.001,0.072,0.037,0.068,0.003,0,0.003,0.016,0.044,0.036,0.012,0.023,0.048,0.031,0.004,0.007,0.001,0.01,lb
0.06,0.004,0.095,0.005,0,0.111,0.099,0.003,0.003,0.019,0.196,0,0.043,0.001,0.047,0.031,0.057,0.001,0.001,0,0.019,0.057,0.062,0.01,0.022,0.011,0.017,0.008,0.007,0.001,0.009,lb
0.053,0.007,0.095,0.007,0,0.103,0.071,0.007,0.005,0.016,0.19,0,0.049,0.002,0.047,0.028,0.057,0.002,0.002,0.007,0.031,0.049,0.054,0.014,0.027,0.028,0.028,0.006,0.008,0,0.007,lb
0.05383848455,0.007976071785,0.09072781655,0.002991026919,0,0.09970089731,0.0927218345,0.004985044865,0.001994017946,0.02791625125,0.1974077767,0.001994017946,0.0518444666,0.003988035892,0.02691924227,0.03389830508,0.06979062812,0.003988035892,0,0.002991026919,0.02492522433,0.06380857428,0.01395812562,0.002991026919,0.02093718843,0.04785643071,0.03489531406,0.005982053838,0.005982053838,0.0009970089731,0.001994017946,lb
0.05494505495,0.005994005994,0.08991008991,0.000999000999,0,0.1068931069,0.08891108891,0.006993006993,0.001998001998,0.01898101898,0.2077922078,0,0.04995004995,0.001998001998,0.03696303696,0.03896103896,0.05494505495,0.002997002997,0.000999000999,0.002997002997,0.01798201798,0.05594405594,0.02997002997,0.01398601399,0.01498501499,0.04995004995,0.02297702298,0.00999000999,0.006993006993,0.000999000999,0.002997002997,lb
0.05,0.006,0.103,0.004,0.001,0.101,0.097,0.001,0.003,0.014,0.194,0,0.055,0.001,0.046,0.038,0.057,0.002,0.001,0.003,0.024,0.048,0.035,0.017,0.019,0.035,0.033,0.005,0.002,0,0.005,lb
0.06593406593,0.007992007992,0.1078921079,0.002997002997,0,0.1128871129,0.06593406593,0.001998001998,0.002997002997,0.02097902098,0.1828171828,0,0.05794205794,0.001998001998,0.04795204795,0.02697302697,0.06193806194,0.001998001998,0.000999000999,0.006993006993,0.01898101898,0.05294705295,0.06093906094,0.00999000999,0.02497502498,0.02397602398,0.01598401598,0.003996003996,0.005994005994,0,0.002997002997,lb
0.062,0.007,0.118,0.008,0,0.127,0.074,0.006,0.003,0.016,0.171,0,0.059,0.004,0.037,0.029,0.056,0.005,0.002,0.005,0.023,0.043,0.069,0.015,0.019,0.012,0.018,0.006,0.004,0.001,0.001,lb
0.052,0.014,0.103,0.005,0,0.135,0.062,0.005,0.002,0.014,0.171,0,0.049,0.003,0.048,0.029,0.059,0.001,0,0.009,0.023,0.046,0.069,0.017,0.03,0.016,0.02,0.004,0.01,0.001,0.003,lb
0.07892107892,0.007992007992,0.09290709291,0.001998001998,0,0.1228771229,0.06593406593,0.003996003996,0.003996003996,0.01498501499,0.1808191808,0,0.05294705295,0.000999000999,0.05294705295,0.03296703297,0.05094905095,0.001998001998,0.000999000999,0.004995004995,0.01398601399,0.03596403596,0.06893106893,0.02097902098,0.02397602398,0.02497502498,0.01398601399,0.006993006993,0.01098901099,0,0.005994005994,lb
0.068,0.005,0.106,0.003,0,0.128,0.074,0.006,0.002,0.01,0.189,0,0.05,0.001,0.048,0.034,0.061,0.001,0,0.005,0.015,0.031,0.069,0.015,0.028,0.018,0.01,0.006,0.008,0,0.009,lb
0.068,0.01,0.096,0.001,0,0.128,0.066,0.003,0.002,0.01,0.174,0.001,0.046,0.001,0.069,0.038,0.062,0.005,0,0.003,0.022,0.035,0.082,0.017,0.021,0.012,0.008,0.01,0.006,0.001,0.003,lb
0.077,0.005,0.082,0.002,0,0.11,0.097,0.006,0.007,0.007,0.207,0,0.05,0.001,0.039,0.055,0.058,0.004,0.001,0.001,0.013,0.02,0.069,0.015,0.018,0.022,0.007,0.012,0.006,0.003,0.006,lb
0.062,0.005,0.092,0.002,0,0.121,0.081,0.004,0.007,0.009,0.178,0,0.05,0.005,0.065,0.035,0.062,0,0.001,0.005,0.024,0.032,0.066,0.011,0.022,0.018,0.019,0.008,0.008,0.001,0.007,lb
0.06,0.004,0.119,0.003,0,0.135,0.078,0.002,0.005,0.015,0.191,0,0.049,0,0.049,0.028,0.055,0.002,0.002,0.002,0.01,0.026,0.054,0.021,0.015,0.029,0.023,0.01,0.004,0.002,0.007,lb
0.06393606394,0.007992007992,0.08991008991,0.001998001998,0,0.1258741259,0.06393606394,0.004995004995,0.004995004995,0.01498501499,0.1828171828,0,0.06193806194,0.000999000999,0.04895104895,0.03796203796,0.06593406593,0.003996003996,0,0.000999000999,0.02497502498,0.03796203796,0.04495504496,0.01998001998,0.02697302697,0.02397602398,0.01698301698,0.004995004995,0.008991008991,0.000999000999,0.006993006993,lb
0.068,0.004,0.111,0,0.001,0.121,0.085,0.001,0.003,0.009,0.202,0,0.048,0.001,0.056,0.023,0.05,0.002,0,0.005,0.022,0.038,0.048,0.021,0.019,0.029,0.011,0.006,0.006,0.002,0.008,lb
0.066,0.005,0.103,0.002,0,0.103,0.072,0.004,0.002,0.006,0.179,0,0.064,0.003,0.049,0.044,0.062,0,0,0.004,0.024,0.03,0.043,0.024,0.024,0.029,0.033,0.01,0.006,0,0.008,lb
0.05294705295,0.008991008991,0.1008991009,0.000999000999,0.000999000999,0.1108891109,0.09190809191,0.001998001998,0.004995004995,0.01998001998,0.2047952048,0,0.05794205794,0.003996003996,0.03996003996,0.03196803197,0.05994005994,0.000999000999,0.000999000999,0.002997002997,0.01698301698,0.04495504496,0.03296703297,0.008991008991,0.01798201798,0.02397602398,0.02997002997,0.008991008991,0.006993006993,0.000999000999,0.008991008991,lb
0.04795204795,0.01298701299,0.1088911089,0.005994005994,0,0.1308691309,0.08991008991,0.004995004995,0.001998001998,0.008991008991,0.1708291708,0,0.07292707293,0.001998001998,0.03696303696,0.03196803197,0.05594405594,0.000999000999,0,0.002997002997,0.01498501499,0.03196803197,0.04095904096,0.01598401598,0.03296703297,0.03696303696,0.02397602398,0.006993006993,0.004995004995,0,0.002997002997,lb
0.054,0.005,0.119,0.001,0,0.121,0.096,0.004,0.003,0.007,0.178,0,0.095,0.004,0.019,0.047,0.051,0.003,0.003,0.004,0.022,0.028,0.029,0.028,0.011,0.024,0.024,0.01,0.008,0,0.002,lb
0.048,0.005,0.105,0.003,0,0.102,0.085,0.012,0.008,0.012,0.184,0,0.04,0.003,0.045,0.046,0.062,0.003,0.002,0.004,0.034,0.047,0.047,0.029,0.008,0.023,0.022,0.008,0.011,0,0.002,lb
0.057,0.002,0.111,0.004,0,0.128,0.103,0.002,0.004,0.005,0.219,0.001,0.07,0,0.032,0.044,0.029,0.001,0.001,0.003,0.024,0.029,0.048,0.009,0.025,0.017,0.018,0.008,0.003,0.002,0.001,lb
0.057,0.004,0.09,0.002,0,0.123,0.096,0.002,0.005,0.014,0.194,0,0.067,0.003,0.042,0.047,0.048,0.003,0,0.002,0.021,0.039,0.059,0.015,0.023,0.017,0.012,0.01,0.001,0.002,0.002,lb
0.05,0.007,0.114,0.002,0.001,0.11,0.096,0.004,0.008,0.022,0.207,0,0.071,0.003,0.032,0.026,0.038,0.003,0,0.002,0.015,0.042,0.03,0.015,0.011,0.032,0.03,0.007,0.007,0,0.015,lb
0.052,0.003,0.111,0.001,0,0.104,0.08,0.004,0.008,0.011,0.229,0,0.073,0.003,0.025,0.038,0.037,0,0,0.004,0.026,0.031,0.024,0.015,0.014,0.05,0.031,0.011,0.009,0,0.006,lb
0.04095904096,0.006993006993,0.0979020979,0.000999000999,0,0.1188811189,0.1038961039,0.004995004995,0.001998001998,0.01898101898,0.1888111888,0,0.05294705295,0.001998001998,0.04195804196,0.03596403596,0.04895104895,0.001998001998,0.000999000999,0.003996003996,0.02797202797,0.04395604396,0.02497502498,0.01398601399,0.01598401598,0.04395604396,0.02697302697,0.008991008991,0.00999000999,0,0.00999000999,lb
0.07192807193,0.007992007992,0.1038961039,0.000999000999,0,0.1148851149,0.08291708292,0.003996003996,0.007992007992,0.01498501499,0.1538461538,0,0.07492507493,0.002997002997,0.04095904096,0.02697302697,0.05194805195,0.001998001998,0.001998001998,0.000999000999,0.02397602398,0.04395604396,0.05294705295,0.00999000999,0.02397602398,0.03396603397,0.01398601399,0.01498501499,0.007992007992,0.000999000999,0.006993006993,lb
0.066,0.002,0.079,0.001,0,0.111,0.085,0.003,0.003,0.019,0.181,0,0.047,0.001,0.055,0.041,0.06,0.003,0,0.006,0.032,0.061,0.052,0.017,0.015,0.018,0.021,0.005,0.006,0.001,0.009,lb
0.06493506494,0.00999000999,0.08891108891,0.000999000999,0,0.1098901099,0.09090909091,0.001998001998,0.001998001998,0.01498501499,0.1968031968,0,0.04795204795,0.002997002997,0.04695304695,0.04995004995,0.05694305694,0.001998001998,0,0.000999000999,0.01898101898,0.04295704296,0.05694305694,0.005994005994,0.01898101898,0.03496503497,0.01598401598,0.001998001998,0.004995004995,0,0.008991008991,lb
0.056,0.005,0.087,0,0,0.117,0.085,0,0.002,0.013,0.198,0,0.053,0,0.054,0.052,0.065,0.001,0,0.005,0.02,0.036,0.068,0.012,0.014,0.019,0.016,0.008,0.007,0.001,0.006,lb
0.052,0.011,0.125,0.005,0.001,0.12,0.095,0.003,0.004,0.018,0.188,0,0.04,0.004,0.04,0.026,0.054,0.003,0,0.001,0.017,0.038,0.039,0.017,0.026,0.027,0.028,0.005,0.008,0,0.005,lb
0.051,0.007,0.112,0.001,0.002,0.112,0.098,0.004,0.001,0.017,0.193,0,0.058,0.004,0.021,0.031,0.052,0.004,0.002,0.005,0.028,0.047,0.036,0.016,0.019,0.033,0.021,0.009,0.007,0,0.009,lb
0.04,0.008,0.118,0.002,0.001,0.126,0.092,0.004,0.003,0.019,0.173,0,0.071,0.004,0.022,0.019,0.062,0.003,0.003,0.005,0.019,0.047,0.027,0.015,0.028,0.041,0.023,0.007,0.01,0.001,0.007,lb
0.05,0.002,0.106,0.003,0,0.119,0.082,0.003,0.002,0.015,0.18,0,0.057,0.001,0.047,0.029,0.071,0.002,0,0.007,0.017,0.041,0.051,0.013,0.023,0.039,0.019,0.009,0.007,0,0.005,lb
0.06,0.014,0.092,0.003,0,0.112,0.101,0.002,0.004,0.017,0.174,0,0.054,0.001,0.045,0.035,0.054,0.001,0.002,0.005,0.017,0.039,0.04,0.019,0.017,0.031,0.036,0.004,0.009,0.001,0.011,lb
0.063,0.008,0.099,0.004,0,0.123,0.072,0.006,0.001,0.014,0.168,0,0.053,0.003,0.062,0.024,0.054,0.004,0,0.005,0.022,0.048,0.05,0.017,0.025,0.03,0.018,0.011,0.008,0.001,0.006,lb
0.057,0.015,0.104,0.001,0,0.127,0.094,0.005,0.001,0.011,0.178,0,0.067,0.003,0.035,0.026,0.053,0.001,0.002,0.002,0.024,0.04,0.034,0.014,0.018,0.032,0.026,0.011,0.012,0,0.007,lb
0.047,0.002,0.108,0.004,0,0.098,0.088,0.002,0.003,0.031,0.17,0,0.038,0.003,0.062,0.028,0.066,0.001,0.002,0.007,0.024,0.053,0.044,0.02,0.015,0.04,0.017,0.011,0.009,0.001,0.006,lb
0.04395604396,0.006993006993,0.0979020979,0.002997002997,0,0.1288711289,0.1018981019,0.002997002997,0.000999000999,0.02497502498,0.1598401598,0,0.05494505495,0.002997002997,0.05494505495,0.02097902098,0.06493506494,0.001998001998,0,0.007992007992,0.02397602398,0.05294705295,0.04095904096,0.01398601399,0.01698301698,0.02997002997,0.01698301698,0.00999000999,0.007992007992,0.001998001998,0.003996003996,lb
0.052,0.001,0.093,0.004,0.002,0.118,0.074,0.002,0.002,0.025,0.181,0,0.053,0.007,0.046,0.033,0.064,0.001,0,0.002,0.024,0.054,0.06,0.012,0.026,0.024,0.018,0.01,0.004,0,0.008,lb
0.055,0.003,0.079,0.006,0,0.099,0.072,0.006,0.003,0.018,0.159,0,0.062,0.002,0.057,0.043,0.065,0.002,0.001,0.004,0.033,0.049,0.066,0.021,0.027,0.019,0.019,0.01,0.008,0,0.012,lb
0.061,0.001,0.082,0.001,0,0.108,0.084,0.004,0.001,0.013,0.17,0,0.06,0.005,0.043,0.047,0.067,0.003,0.001,0.006,0.03,0.049,0.045,0.012,0.034,0.025,0.025,0.006,0.008,0.002,0.007,lb
0.043,0.011,0.113,0.003,0,0.111,0.091,0.003,0.002,0.012,0.186,0,0.054,0.003,0.042,0.039,0.062,0.002,0,0.003,0.024,0.038,0.056,0.01,0.02,0.028,0.023,0.007,0.005,0.002,0.007,lb
0.04595404595,0.005994005994,0.1148851149,0.001998001998,0,0.1248751249,0.09090909091,0.003996003996,0.01098901099,0.01898101898,0.1608391608,0,0.07392607393,0.002997002997,0.03596403596,0.02797202797,0.05994005994,0.001998001998,0.001998001998,0.001998001998,0.02097902098,0.04295704296,0.02697302697,0.004995004995,0.01798201798,0.04195804196,0.02797202797,0.007992007992,0.01198801199,0.000999000999,0.008991008991,lb
0.05594405594,0.007992007992,0.0989010989,0.000999000999,0.000999000999,0.1228771229,0.08491508492,0.007992007992,0.005994005994,0.01798201798,0.1808191808,0,0.06393606394,0.003996003996,0.03696303696,0.03696303696,0.05894105894,0.000999000999,0,0.000999000999,0.01898101898,0.05294705295,0.02797202797,0.01098901099,0.01598401598,0.03796203796,0.02097902098,0.00999000999,0.007992007992,0,0.007992007992,lb
0.07192807193,0.002997002997,0.07792207792,0.003996003996,0,0.1208791209,0.09290709291,0.001998001998,0.006993006993,0.02097902098,0.1738261738,0,0.04895104895,0.001998001998,0.04695304695,0.04395604396,0.06193806194,0.000999000999,0.000999000999,0.002997002997,0.01898101898,0.04995004995,0.05094905095,0.01798201798,0.01598401598,0.02697302697,0.01098901099,0.005994005994,0.01198801199,0,0.006993006993,lb
0.06493506494,0.005994005994,0.08891108891,0.001998001998,0,0.1308691309,0.08691308691,0.01098901099,0.006993006993,0.01098901099,0.1838161838,0,0.05394605395,0.000999000999,0.04795204795,0.02597402597,0.06493506494,0.008991008991,0.000999000999,0.000999000999,0.01598401598,0.03596403596,0.04795204795,0.01298701299,0.01898101898,0.02797202797,0.01698301698,0.01598401598,0.003996003996,0.002997002997,0.002997002997,lb
0.07,0.004,0.104,0.002,0,0.129,0.097,0.004,0.002,0.013,0.181,0,0.046,0.004,0.038,0.03,0.055,0.001,0.002,0.004,0.021,0.041,0.043,0.021,0.018,0.023,0.018,0.011,0.01,0,0.008,lb
0.05494505495,0.004995004995,0.1008991009,0.000999000999,0,0.1348651349,0.08991008991,0.003996003996,0.004995004995,0.01998001998,0.1708291708,0,0.05994005994,0.000999000999,0.03796203796,0.03596403596,0.05694305694,0.000999000999,0,0.001998001998,0.02497502498,0.05594405594,0.04595404595,0.003996003996,0.01698301698,0.02597402597,0.01798201798,0.01098901099,0.005994005994,0.001998001998,0.007992007992,lb
0.065,0.003,0.088,0.001,0,0.112,0.078,0.004,0.001,0.017,0.173,0,0.043,0.005,0.056,0.041,0.056,0.004,0.001,0,0.025,0.049,0.078,0.011,0.03,0.019,0.011,0.011,0.008,0.001,0.009,lb
0.06,0.005,0.094,0,0,0.132,0.092,0.003,0.003,0.019,0.193,0,0.045,0,0.044,0.035,0.049,0.001,0.002,0.003,0.022,0.06,0.027,0.013,0.013,0.039,0.024,0.008,0.012,0,0.002,lb
0.05994005994,0.01298701299,0.1098901099,0.004995004995,0.000999000999,0.1268731269,0.09490509491,0.005994005994,0.003996003996,0.01698301698,0.1898101898,0,0.07092907093,0.001998001998,0.02197802198,0.01798201798,0.04295704296,0,0,0.001998001998,0.02197802198,0.04795204795,0.04795204795,0.01098901099,0.01898101898,0.02797202797,0.01598401598,0.007992007992,0.008991008991,0.000999000999,0.003996003996,lb
0.05194805195,0.00999000999,0.1138861139,0.008991008991,0.002997002997,0.1268731269,0.06993006993,0.000999000999,0,0.02597402597,0.1928071928,0,0.06193806194,0.000999000999,0.03396603397,0.02397602398,0.05294705295,0,0.000999000999,0.005994005994,0.01298701299,0.04295704296,0.05994005994,0.00999000999,0.02497502498,0.02497502498,0.01698301698,0.008991008991,0.004995004995,0,0.006993006993,lb
0.055,0.01,0.106,0.004,0,0.128,0.076,0,0.003,0.008,0.196,0,0.062,0.001,0.041,0.026,0.035,0,0.002,0.002,0.032,0.043,0.054,0.027,0.017,0.021,0.026,0.011,0.007,0,0.007,lb
0.04,0.006,0.098,0,0,0.116,0.098,0.003,0.003,0.022,0.167,0,0.058,0.002,0.048,0.036,0.063,0.002,0.002,0.003,0.028,0.048,0.041,0.011,0.028,0.031,0.017,0.004,0.017,0,0.008,lb
0.042,0.003,0.095,0.002,0.001,0.133,0.096,0.007,0.005,0.021,0.194,0,0.074,0.002,0.035,0.018,0.049,0.002,0,0.005,0.032,0.048,0.026,0.017,0.011,0.029,0.029,0.007,0.011,0.002,0.004,lb
0.044,0.01,0.112,0,0.001,0.118,0.077,0.009,0.001,0.018,0.208,0,0.071,0,0.023,0.025,0.057,0.004,0.001,0.004,0.025,0.04,0.037,0.023,0.018,0.026,0.022,0.012,0.006,0.003,0.005,lb
0.06,0.003,0.099,0.002,0,0.142,0.089,0.004,0.008,0.014,0.168,0.001,0.044,0.001,0.035,0.019,0.068,0.004,0.001,0.005,0.019,0.04,0.053,0.014,0.022,0.024,0.02,0.014,0.015,0,0.012,lb
0.046,0.005,0.098,0.001,0.001,0.132,0.081,0.003,0.006,0.019,0.161,0,0.071,0.001,0.035,0.024,0.075,0.003,0,0.007,0.02,0.042,0.048,0.011,0.018,0.028,0.021,0.017,0.018,0.002,0.006,lb
0.06093906094,0.005994005994,0.0969030969,0.001998001998,0,0.1288711289,0.0969030969,0.002997002997,0.003996003996,0.01598401598,0.1908091908,0.000999000999,0.05894105894,0.000999000999,0.04095904096,0.02597402597,0.06293706294,0,0.000999000999,0.005994005994,0.01798201798,0.03796203796,0.04695304695,0.01398601399,0.01498501499,0.01698301698,0.01898101898,0.008991008991,0.00999000999,0.001998001998,0.007992007992,lb
0.045,0.004,0.106,0.002,0,0.125,0.063,0.002,0.005,0.013,0.188,0,0.075,0.002,0.036,0.025,0.066,0.003,0.001,0.002,0.027,0.042,0.055,0.021,0.025,0.025,0.016,0.009,0.007,0.002,0.008,lb
0.059,0.004,0.098,0.003,0,0.127,0.09,0.006,0.004,0.015,0.197,0,0.057,0.001,0.027,0.041,0.048,0.001,0.001,0.006,0.021,0.043,0.041,0.008,0.028,0.023,0.029,0.009,0.008,0,0.005,lb
0.054,0.011,0.094,0.002,0,0.132,0.087,0.005,0.006,0.016,0.182,0,0.054,0.005,0.04,0.029,0.054,0.001,0.001,0.006,0.022,0.043,0.042,0.009,0.028,0.035,0.017,0.003,0.013,0.001,0.008,lb
0.053,0.006,0.103,0.004,0.001,0.126,0.094,0.003,0.003,0.01,0.192,0,0.063,0.003,0.036,0.039,0.054,0.004,0,0.004,0.011,0.036,0.059,0.013,0.019,0.021,0.019,0.008,0.009,0,0.007,lb
0.058,0.002,0.085,0.002,0,0.124,0.083,0.003,0.003,0.024,0.175,0,0.058,0,0.048,0.025,0.066,0.004,0.001,0.004,0.015,0.055,0.04,0.01,0.033,0.043,0.017,0.008,0.009,0.001,0.004,lb
0.047,0.006,0.085,0.003,0,0.116,0.092,0.003,0.004,0.013,0.181,0,0.055,0.001,0.043,0.022,0.072,0.002,0.002,0.002,0.022,0.042,0.019,0.011,0.014,0.056,0.05,0.016,0.014,0.001,0.006,lb
0.053,0.004,0.083,0.003,0,0.13,0.087,0.007,0.007,0.022,0.161,0,0.077,0.006,0.042,0.028,0.051,0.002,0,0.004,0.023,0.051,0.028,0.01,0.026,0.043,0.026,0.006,0.014,0.001,0.005,lb
0.058,0.003,0.102,0.001,0,0.122,0.104,0.002,0.003,0.019,0.191,0,0.07,0.001,0.032,0.025,0.06,0.003,0.001,0.007,0.013,0.041,0.043,0.01,0.009,0.036,0.012,0.012,0.007,0.004,0.009,lb
0.05,0.006,0.097,0.001,0.001,0.13,0.109,0,0.007,0.012,0.188,0,0.054,0.004,0.041,0.035,0.053,0.003,0,0.003,0.017,0.032,0.049,0.005,0.006,0.039,0.025,0.01,0.014,0.001,0.008,lb
0.03596403596,0.008991008991,0.1118881119,0.001998001998,0,0.1268731269,0.0979020979,0.008991008991,0.003996003996,0.01698301698,0.1868131868,0,0.05994005994,0.007992007992,0.02297702298,0.03396603397,0.04595404595,0,0,0.002997002997,0.02997002997,0.04595404595,0.03196803197,0.00999000999,0.01698301698,0.03196803197,0.02497502498,0.01398601399,0.007992007992,0.002997002997,0.008991008991,lb
0.062,0.002,0.097,0,0,0.126,0.084,0.005,0.007,0.026,0.185,0,0.068,0.002,0.032,0.029,0.057,0.003,0.002,0.002,0.022,0.046,0.021,0.008,0.014,0.043,0.03,0.01,0.013,0,0.004,lb
0.05894105894,0.004995004995,0.08691308691,0,0,0.1238761239,0.1008991009,0.005994005994,0.000999000999,0.01798201798,0.1878121878,0,0.06393606394,0.002997002997,0.03396603397,0.03296703297,0.04795204795,0,0.000999000999,0.004995004995,0.02397602398,0.04195804196,0.03196803197,0.01698301698,0.01298701299,0.04095904096,0.02297702298,0.01298701299,0.01198801199,0,0.006993006993,lb
0.049,0.009,0.09,0.001,0.001,0.115,0.091,0.001,0.003,0.014,0.195,0.001,0.062,0.002,0.043,0.032,0.054,0.002,0,0.005,0.024,0.05,0.056,0.011,0.011,0.032,0.017,0.012,0.008,0.003,0.006,lb
0.04895104895,0.007992007992,0.08791208791,0.003996003996,0,0.1108891109,0.08191808192,0.002997002997,0.005994005994,0.01498501499,0.2087912088,0.000999000999,0.05994005994,0.003996003996,0.04695304695,0.03096903097,0.05694305694,0.001998001998,0,0.001998001998,0.02097902098,0.04195804196,0.05994005994,0.00999000999,0.01898101898,0.02097902098,0.01598401598,0.01398601399,0.01098901099,0.001998001998,0.005994005994,lb
0.043,0.001,0.11,0.002,0,0.119,0.111,0.008,0.006,0.011,0.176,0,0.076,0.004,0.031,0.026,0.049,0.001,0.001,0.004,0.021,0.041,0.032,0.011,0.014,0.033,0.032,0.009,0.017,0.001,0.01,lb
0.056,0.006,0.1,0.002,0.001,0.126,0.093,0.002,0.007,0.016,0.186,0,0.05,0.001,0.039,0.018,0.062,0.002,0.001,0.008,0.016,0.049,0.024,0.011,0.016,0.053,0.025,0.011,0.012,0.001,0.006,lb
0.047,0.003,0.089,0.003,0,0.126,0.073,0.002,0.003,0.013,0.194,0,0.066,0.004,0.041,0.032,0.063,0.004,0.001,0.009,0.02,0.044,0.041,0.016,0.022,0.035,0.024,0.005,0.015,0,0.005,lb
0.05394605395,0.002997002997,0.1038961039,0.001998001998,0,0.1278721279,0.08991008991,0.001998001998,0.001998001998,0.01698301698,0.1768231768,0.000999000999,0.07792207792,0.001998001998,0.03396603397,0.01998001998,0.06293706294,0.001998001998,0.001998001998,0.002997002997,0.02097902098,0.03996003996,0.02697302697,0.01098901099,0.01698301698,0.04695304695,0.02497502498,0.005994005994,0.01798201798,0.002997002997,0.001998001998,lb
0.073,0.004,0.093,0.002,0,0.13,0.105,0.004,0.006,0.014,0.184,0,0.066,0.003,0.031,0.029,0.053,0.002,0,0.006,0.021,0.04,0.04,0.009,0.019,0.026,0.02,0.008,0.01,0,0.002,lb
0.069,0.005,0.103,0.003,0,0.107,0.104,0.005,0.003,0.024,0.182,0,0.065,0.002,0.037,0.024,0.053,0.001,0.001,0.006,0.015,0.053,0.013,0.012,0.013,0.032,0.039,0.01,0.011,0.001,0.007,lb
0.049,0.005,0.108,0.001,0,0.108,0.099,0.003,0.001,0.009,0.191,0,0.08,0.003,0.02,0.02,0.042,0.002,0.001,0.004,0.012,0.028,0.023,0.012,0.04,0.065,0.03,0.007,0.013,0,0.024,lb
0.058,0.003,0.11,0.002,0,0.113,0.091,0.003,0.004,0.019,0.207,0,0.074,0.003,0.023,0.019,0.06,0.001,0.001,0.003,0.011,0.046,0.009,0.015,0.01,0.04,0.04,0.013,0.012,0.001,0.009,lb
0.051,0.01,0.1,0.004,0,0.125,0.117,0.006,0.002,0.015,0.176,0,0.068,0.002,0.029,0.03,0.046,0.001,0.001,0.005,0.022,0.046,0.028,0.005,0.019,0.041,0.021,0.011,0.009,0.002,0.008,lb
0.038,0.005,0.086,0.001,0,0.133,0.11,0.007,0.004,0.014,0.184,0,0.048,0.003,0.038,0.027,0.054,0.004,0.001,0.004,0.026,0.041,0.035,0.015,0.025,0.04,0.03,0.008,0.009,0.001,0.008,lb
0.055,0.003,0.106,0.002,0.001,0.106,0.099,0.004,0.007,0.014,0.157,0,0.077,0.003,0.039,0.029,0.052,0.003,0.001,0.002,0.03,0.049,0.028,0.014,0.024,0.041,0.03,0.007,0.009,0.001,0.007,lb
0.05694305694,0.005994005994,0.1048951049,0.003996003996,0.000999000999,0.1178821179,0.1128871129,0.003996003996,0.004995004995,0.01898101898,0.1778221778,0,0.06393606394,0.002997002997,0.04095904096,0.01898101898,0.05994005994,0.000999000999,0,0.002997002997,0.01898101898,0.03496503497,0.01898101898,0.01298701299,0.01098901099,0.03896103896,0.04195804196,0.004995004995,0.005994005994,0.002997002997,0.007992007992,lb
0.056,0.003,0.105,0.002,0,0.116,0.08,0.003,0.009,0.016,0.185,0,0.042,0.004,0.039,0.027,0.056,0.004,0.002,0.003,0.029,0.055,0.026,0.005,0.026,0.043,0.037,0.005,0.01,0.001,0.011,lb
0.06993006993,0.001998001998,0.0999000999,0.002997002997,0,0.1018981019,0.09490509491,0.006993006993,0.005994005994,0.01398601399,0.1828171828,0,0.06293706294,0.001998001998,0.03796203796,0.02997002997,0.06493506494,0.000999000999,0.000999000999,0.002997002997,0.01598401598,0.04595404595,0.03996003996,0.01098901099,0.02197802198,0.03396603397,0.02597402597,0.01098901099,0.005994005994,0.000999000999,0.002997002997,lb
0.05194805195,0.001998001998,0.0979020979,0.005994005994,0,0.1228771229,0.1058941059,0.001998001998,0.006993006993,0.02297702298,0.1888111888,0,0.06093906094,0.000999000999,0.03196803197,0.01698301698,0.06793206793,0.003996003996,0.000999000999,0.002997002997,0.01998001998,0.03796203796,0.03596403596,0.005994005994,0.01198801199,0.03596403596,0.02597402597,0.01598401598,0.007992007992,0.000999000999,0.006993006993,lb
0.05,0.004,0.117,0.003,0,0.119,0.1,0.007,0.003,0.014,0.213,0.001,0.063,0,0.018,0.028,0.056,0.002,0.001,0.003,0.018,0.037,0.021,0.009,0.02,0.038,0.035,0.003,0.011,0.002,0.004,lb
0.05,0.001,0.125,0.003,0.001,0.137,0.099,0.007,0.003,0.008,0.188,0,0.081,0.004,0.01,0.032,0.059,0,0,0,0.02,0.025,0.041,0.013,0.031,0.025,0.011,0.011,0.004,0.003,0.008,lb
0.046,0.003,0.127,0.013,0.002,0.114,0.092,0.007,0.005,0.011,0.227,0,0.054,0.001,0.02,0.019,0.052,0.003,0.001,0.003,0.019,0.034,0.04,0.004,0.019,0.024,0.033,0.008,0.011,0.003,0.005,lb
0.058,0.005,0.106,0.003,0,0.122,0.072,0.005,0.005,0.02,0.188,0,0.076,0.001,0.027,0.033,0.05,0.004,0,0.002,0.02,0.049,0.04,0.007,0.022,0.034,0.022,0.012,0.007,0,0.01,lb
0.059,0.006,0.116,0.005,0,0.104,0.084,0.006,0.006,0.019,0.182,0,0.066,0.002,0.038,0.026,0.057,0.002,0.002,0.008,0.02,0.05,0.022,0.009,0.015,0.035,0.033,0.011,0.007,0,0.01,lb
0.048,0.005,0.096,0.01,0,0.122,0.096,0.003,0.005,0.013,0.176,0.001,0.059,0.001,0.032,0.026,0.061,0.005,0.001,0.007,0.026,0.041,0.014,0.012,0.024,0.049,0.034,0.011,0.011,0,0.011,lb
0.073,0.002,0.113,0.002,0,0.125,0.09,0.004,0.004,0.012,0.191,0,0.074,0.002,0.029,0.023,0.058,0.003,0.002,0.003,0.022,0.037,0.031,0.011,0.021,0.02,0.027,0.009,0.008,0,0.004,lb
0.047,0.009,0.087,0.002,0,0.116,0.093,0.001,0.007,0.024,0.179,0,0.059,0.002,0.039,0.035,0.063,0.003,0,0.004,0.022,0.055,0.06,0.009,0.026,0.019,0.009,0.007,0.012,0.003,0.008,lb
0.05194805195,0.002997002997,0.1118881119,0.002997002997,0.000999000999,0.1278721279,0.08691308691,0.002997002997,0.002997002997,0.008991008991,0.1938061938,0,0.04395604396,0,0.04895104895,0.01698301698,0.06693306693,0.001998001998,0.000999000999,0,0.02997002997,0.04995004995,0.04695304695,0.01298701299,0.01098901099,0.03296703297,0.02097902098,0.008991008991,0.006993006993,0.001998001998,0.002997002997,lb
0.049,0.005,0.097,0.004,0,0.112,0.085,0.005,0.002,0.019,0.197,0,0.054,0.001,0.04,0.026,0.061,0.003,0,0.01,0.02,0.047,0.032,0.012,0.021,0.041,0.027,0.01,0.004,0.002,0.014,lb
0.05205205205,0.005005005005,0.1081081081,0.003003003003,0,0.1231231231,0.0970970971,0.001001001001,0.005005005005,0.03503503504,0.1901901902,0,0.05605605606,0,0.03003003003,0.02402402402,0.05605605606,0.005005005005,0.002002002002,0,0.02002002002,0.05205205205,0.02902902903,0.005005005005,0.01701701702,0.03203203203,0.02202202202,0.009009009009,0.01101101101,0,0.01001001001,lb
0.04595404595,0.001998001998,0.07992007992,0.004995004995,0,0.1388611389,0.09390609391,0.005994005994,0.006993006993,0.02497502498,0.1868131868,0,0.05094905095,0,0.04195804196,0.03096903097,0.06593406593,0.003996003996,0,0.002997002997,0.02497502498,0.05694305694,0.03596403596,0.01098901099,0.01198801199,0.02397602398,0.02497502498,0.005994005994,0.007992007992,0.001998001998,0.006993006993,lb
0.05094905095,0.003996003996,0.1138861139,0.006993006993,0.000999000999,0.1248751249,0.09490509491,0.001998001998,0.005994005994,0.02297702298,0.1888111888,0,0.04195804196,0,0.02997002997,0.02597402597,0.05994005994,0.003996003996,0.000999000999,0.001998001998,0.02297702298,0.04695304695,0.02797202797,0.01098901099,0.01798201798,0.03496503497,0.02697302697,0.00999000999,0.01198801199,0.000999000999,0.006993006993,lb
0.058,0.005,0.088,0.006,0,0.129,0.107,0.006,0.005,0.015,0.193,0,0.043,0.004,0.039,0.029,0.067,0.002,0,0.004,0.013,0.032,0.052,0.013,0.016,0.018,0.024,0.011,0.013,0.001,0.007,lb
0.04395604396,0.004995004995,0.07992007992,0.005994005994,0,0.1268731269,0.07692307692,0.00999000999,0.003996003996,0.02697302697,0.1998001998,0,0.05794205794,0.002997002997,0.04295704296,0.02797202797,0.06293706294,0.000999000999,0,0.005994005994,0.01498501499,0.04195804196,0.04695304695,0.008991008991,0.01798201798,0.04195804196,0.01798201798,0.007992007992,0.008991008991,0.001998001998,0.007992007992,lb
0.051,0.004,0.094,0.003,0,0.132,0.085,0.006,0.004,0.018,0.161,0,0.069,0.001,0.035,0.022,0.074,0.003,0,0,0.031,0.049,0.036,0.01,0.027,0.038,0.019,0.014,0.009,0,0.005,lb
0.05,0.004,0.092,0,0,0.12,0.096,0.007,0.004,0.03,0.156,0,0.068,0,0.037,0.021,0.079,0.003,0,0.004,0.022,0.061,0.012,0.007,0.016,0.055,0.033,0.01,0.009,0,0.004,lb
0.054,0.003,0.114,0.002,0.002,0.127,0.093,0.002,0,0.02,0.175,0,0.064,0.005,0.03,0.022,0.053,0.004,0.005,0.002,0.016,0.043,0.031,0.006,0.023,0.039,0.035,0.013,0.007,0.001,0.009,lb
0.061,0.001,0.08,0.005,0,0.116,0.079,0.001,0.003,0.014,0.172,0,0.044,0.001,0.064,0.045,0.078,0.006,0,0.003,0.019,0.047,0.074,0.011,0.028,0.012,0.013,0.009,0.006,0.002,0.006,lb
0.05,0.003,0.1,0.001,0,0.133,0.076,0.004,0.002,0.015,0.2,0,0.037,0.002,0.054,0.031,0.054,0.003,0,0,0.028,0.043,0.038,0.009,0.028,0.027,0.038,0.006,0.008,0.001,0.009,lb
0.03293413174,0.003992015968,0.1017964072,0.008982035928,0.000998003992,0.120758483,0.09580838323,0.007984031936,0.00499001996,0.01497005988,0.1666666667,0,0.0628742515,0.001996007984,0.0379241517,0.0249500998,0.05988023952,0.002994011976,0.001996007984,0.001996007984,0.03493013972,0.04890219561,0.05988023952,0.01497005988,0.0249500998,0.01996007984,0.01696606786,0.00998003992,0.008982035928,0.001996007984,0.003992015968,lb
0.057,0.001,0.109,0,0,0.127,0.104,0.004,0.002,0.016,0.192,0,0.074,0.001,0.032,0.023,0.051,0.006,0.002,0.001,0.026,0.04,0.045,0.014,0.017,0.027,0.01,0.002,0.008,0.001,0.008,lb
0.068,0.006,0.106,0.006,0,0.124,0.099,0.007,0.005,0.01,0.167,0.001,0.082,0.003,0.026,0.027,0.046,0.001,0.001,0.001,0.022,0.036,0.05,0.013,0.023,0.032,0.012,0.008,0.012,0.001,0.005,lb
0.06,0.007,0.083,0.002,0,0.122,0.096,0.003,0.004,0.013,0.162,0,0.077,0.001,0.04,0.042,0.063,0,0.006,0.006,0.017,0.032,0.052,0.015,0.017,0.027,0.018,0.013,0.012,0.003,0.006,lb
0.04804804805,0.007007007007,0.1151151151,0.001001001001,0,0.1251251251,0.1021021021,0.006006006006,0.003003003003,0.008008008008,0.1821821822,0,0.06306306306,0.001001001001,0.03403403403,0.02402402402,0.05305305305,0.003003003003,0.002002002002,0.001001001001,0.01701701702,0.02802802803,0.05505505506,0.01301301301,0.02902902903,0.02902902903,0.02002002002,0.01201201201,0.01001001001,0.001001001001,0.007007007007,lb